place_id,name,info,opentime,lat,lng,address,category,phone,label,station,average_score,thumbnail,score_count,theme_keyword
12144,흰여울문화마을,"절영해안산책로 가파른 담벼락 위로 독특한 마을 풍경이 보인다. 해안가 절벽 끝에 바다를 따라 난 좁은 골목길 안쪽으로 작은 집들이 다닥다닥 붙어 있다. 피난민들의 애잔한 삶이 시작된 곳이자 현재는 마을주민과 함께하는 문화마을공동체 흰여울문화마을이 자리한 곳이다.
부산의 대표적인 원도심 흰여울길은 봉래산 기슭에서 굽이쳐 내리는 물줄기가 마치 흰 눈이 내리는 모습과 비슷하다 하여 이름 지어졌다. 2011년 12월, 낡은 가옥을 리모델링하면서 현재는 영도의 생활을 느낄 수 있는 독창적인 문화예술마을로 거듭났다.
",연중무휴,35.07885,129.04402,부산광역시 영도구 흰여울길,0,051-419-4067,즐길거리,,4.25,https://www.visitbusan.net/uploadImgs/files/cntnts/20191222164810529_ttiel,109,"['평화로운', '깨끗한', '소박한', '옛모습', '아기자기', '시장', '전망대', '산책로', '야경', '포장마차', '힐링', '경치', '데이트', '드라이브', '촬영지']"
12145,깡깡이 예술마을,"영도다리 건너 자갈치시장 맞은 편 물양장에 배들이 가득 들어차 있다. 세상에 못 고치는 배는 없다는 전설적인 수리조선의 메카 깡깡이 예술마을이 있는 곳이다. 깡깡이란 말은 수리 조선소에서 배 표면에 녹이 슬어 너덜해진 페인트나 조개껍데기를 망치로 두드려 벗겨낼 때 깡깡 소리가 난다 하여 생겨난 말이다. 마을 전체에 깡깡 소리가 그칠 날이 없었던 그 시절부터 대평동은 그렇게 깡깡이 예술마을로 불리게 되었다.


",매주 월요일 (투어 등 시설),35.092648,129.03255,부산시 영도구 대평북로 36 깡깡이 안내센터,0,051-418-3336,즐길거리,,2.58,https://www.visitbusan.net/uploadImgs/files/cntnts/20191222171209005_ttiel,12,"['마을', '체험', '가족', '박물관', '예술']"
12146,국립해양박물관,"부산하면 바다, 바다하면 부산이라고들 하지만 우리는 대한민국 해양에 대해 얼마나 알고 있을까?
세상의 모든 바다 이야기가 시작되는 국립해양박물관이 과거와 현재 그리고 미래의 바다로 안내한다.
부산 앞 바다를 배경으로 웅장한 외관을 자랑하는 건물이 눈에 띈다. 물방울이 튀어 오르는 모양을 형상화한 외관은 마치 은하계를 가로지르는 우주선 같다. 국립해양박물관은 바다의 문화, 역사, 과학 그리고 고고학에 이르는 전문적인 자료를 전시하고, 수준 높은 해양체험프로그램을 제공하는 대한민국 유일의 종합해양박물관이다.",매주 월요일,35.078728,129.08018,부산시 영도구 해양로301번길 45,0,051-309-1900,군사박물관,,3.97,https://www.visitbusan.net/uploadImgs/files/cntnts/20191222175627506_ttiel,38,"['조그마한', '재미있는', '화려한', '웅장한', '깨끗한', '공원', '박물관', '도서관', '아쿠아리움', '과학관', '주말나들이', '가족여행', '가족나들이', '드라이브', '체험관']"
12147,태종대 유원지,초록으로 우거진 싱그러운 숲길을 거닐며 푸른 바다를 한눈에 바라볼 수 있는 곳. 오랜 세월 파도에 깎여 각양각색의 신비를 가지게 된 바위해안이 그 수려함을 자랑하는 곳. 부산 영도 남쪽 끝에 자리하고 있는 태종대의 이야기다. 태종대는 신라의 태종무열왕이 이곳의 경치에 반해 활쏘기를 즐기며 쉬어갔다 하여 유래된 이름이라 한다. 짙푸른 바다에 둘러싸인 기암괴석과 우거진 녹음이 반가운 인사를 건네는 태종대는 빠지지 않는 전국 여행코스 중 하나다.,연중무휴,35.052643,129.0878,부산광역시 영도구 전망로 24,0,051-405-8745,공원,,4.39,https://www.visitbusan.net/uploadImgs/files/cntnts/20191222180829962_ttiel,76,"['재미있는', '조그마한', '깨끗한', '화려한', '편안한', '조개구이', '유람선', '전망대', '돼지국밥', '수국', '가족여행', '경치', '드라이브', '등산', '기차여행']"
12148,죽성성당,"동해바다의 에메랄드빛을 고스란히 담고 있는 기장 앞바다는 이제 많은 이들이 찾는 곳이 됐다. 날이 좋으면 좋은 대로, 날이 흐리면 흐린 대로 드라이브하기 더없이 좋은 코스에 경치 좋은 낭만카페를 찾아 기장으로 오는 사람들. 이들이 빼놓지 않고 찾는 곳, 기장의 죽성성당이다.
부산 기장군 죽성리에 위치한 죽성성당은 작은 어촌마을에 위치한 지리적 특성 덕분인지 남다른 분위기를 간직하고 있다. 중세시대의 어느 바닷가 마을을 그대로 옮겨 놓은 것 같은 풍경은 마치 한 폭의 그림 같다. 바위 위로 부서지는 하얀 포말은 성당의 붉은 지붕과 대비되어 이곳을 찾는 이들의 시선을 한눈에 사로잡는다.",연중무휴,35.241013,129.24864,부산광역시 기장군 기장읍 죽성리 134-7,0,,즐길거리,,3.62,https://www.visitbusan.net/uploadImgs/files/cntnts/20191222181829937_ttiel,29,"['아담한', '이국적', '화려한', '소박한', '깨끗한', '드라마세트장', '벽화마을', '세트장', '드라이브', '포장마차', '나들이', '경치', '데이트', '드라마촬영지', '힐링']"
12149,아홉산 숲,"일제강점기, 해방과 전쟁을 지나 산업화를 거치면서도 개방되지 않았던 자연 본연의 모습을 간직한 숲.
400년 간 세상에 공개되지 않았던 이곳, 부산 기장군에 위치한 아홉산숲이 그 주인공이다.
아홉산숲의 아홉산은 아홉 골짜기를 품고 있다는 뜻의 순 우리말이 남아있는 이름이다.
이곳은 2014년, 영화 <군도>의 촬영지가 되며 알려지기 시작했고, 2016년, 400년 간 숲을 관리해온 소유주 가족이 일반인공개를 결정하면서 사람들의 방문이 가능해졌다. 이 숲은 오랜 시간동안 그린벨트이자 상수원보호구역으로 지정되어 있었기에 건강한 자연환경과 생태를 그대로 간직할 수 있었다.",매주 월요일,35.287334,129.17046,부산광역시 기장군 철마면 미동길 37-1,0,051-721-9183,산림,,3.37,https://www.visitbusan.net/uploadImgs/files/cntnts/20191222185645736_ttiel,71,"['조그마한', '깨끗한', '고즈넉한', '편안한', '신비로운', '수목원', '대나무', '편백나무숲', '한우', '산책', '나들이', '데이트', '등산', '영화촬영지', '촬영지']"
12150,해동용궁사,"시원하게 트인 기장 앞바다에서 밀려오는 파도소리를 들어본 적 있는지. 감탄이 절로 나오는 해안절경과 끝이 보이지 않는 망망대해가 바로 내 눈앞에 있다면 어떨까.
바다와 파도와 바람과 그리고 숨멋뷰가 기다리고 있는 풍경, 해동용궁사로 가자.
부산 기장의 시랑리 해안에 위치한 해동용궁사는 정암화상(晸庵和尙)이 바닷가에서 용을 타고 승천하는 관세음보살을 꿈에 보았다는 이야기에서 이름이 유래되었다. 산과 바다가 맞닿은 육지의 끝자락에 해동용궁사가 한 폭의 그림처럼 걸려있다.",연중무휴,35.188583,129.22346,부산광역시 기장군 기장읍 용궁길 86,0,051-722-7744 ,종교적인 장소,,3.56,https://www.visitbusan.net/uploadImgs/files/cntnts/20191222190823385_ttiel,142,"['사찰', '핫플레이스', '경치', '사진', '일출']"
12151,임랑해수욕장 ,"여름하면 바다, 바다하면 부산이지만 아직까지 타지인들에게는 많이 알려지지 않은 해수욕장이 있다.
부산 시민이 사랑하는, 기장군의 양대 해수욕장 중 하나인 임랑해수욕장이 그 주인공이다.
입에 머무르는 느낌마저 따뜻한 ‘임랑’이라는 이름은 아름다운 송림(松林)과 달빛에 반짝이는 은빛 파랑(波浪)의 두 글자에서 유래되었다. 임랑해수욕장의 백사장은 1km 이상 이어지며 바다를 감싸고 있는데 그 색이 매우 밝은 게 특징이다.  이곳을 처음 방문하는 이들이라면 첫눈에 하얀 백사장에 반하고 말 것이다.
여름이면 해수욕뿐만 아니라 해변에서 무료로 관람할 수 있는 ‘기장 임랑 썸머뮤직페스티벌’을 비롯하여, 해변 대학가요제와 어린이 동요대회 등의 행사도 열린다.",연중무휴,35.31905,129.26451,부산광역시 기장군 장안읍 임랑리,0,051-709-5448,해변,,4.33,https://www.visitbusan.net/uploadImgs/files/cntnts/20191224093809621_ttiel,15,"['아늑한', '조그마한', '깨끗한', '화려한', '소박한', '치킨', '해변', '캠핑', '벽화마을', '산책', '힐링', '데이트', '드라이브', '기차여행', '나들이']"
12152,"문화공감 수정, 초량1941","부산이 간직한 근현대 역사, 동구는 그 씨앗이 퍼져 이야기꽃을 피운 동네다. 그 이야기를 담고 있는 길을 따라가다 보면 ‘문화공감 수정’을 만날 수 있다.
문화공감 수정은 본래 ‘정란각’이라는 이름을 갖고 있었다. 1943년 일제강점기 당시 지어진 건물로 일본의 주거 양식을 따라 만들어졌다. 공간이 주는 독특한 매력 덕분에 많은 영화, 뮤직비디오의 배경이 되기도 했는데 아이유의 밤편지 MV, 악동뮤지션의 사춘기 MV, 범죄와의 전쟁, 장군의 아들 등이 이곳에서 촬영되었다.
주변의 현대식 주택과 대비되는 ‘수정’의 정원으로 들어서면 내리쬐는 햇볕과 푸른 나무가 어우러진 정원의 풍경이 예스러움을 더한다. 곧바로 내부로 들어가지 않은 채, 잠시 정원에서 한숨을 돌리는 것도 좋겠다. 마치 과거로 시간여행을 한 듯 고즈넉한 분위기가 주변을 감싼다.
** 문화공감 수정 임시휴관 안내
휴관 일정 : 2021년 10월 1일 ~ 별도 공지시까지","문화공감 수정 명절 휴무
초량1941 매주 월요일",35.125793,129.04265,"문화공감 수정 부산광역시 동구 홍곡로 75
초량1941 부산광역시 동구 망양로 533-5",0,051-441-0004 ,카페,,0,https://www.visitbusan.net/uploadImgs/files/cntnts/20191224171115847_ttiel,0,"['느낌있는', '고즈넉한', '분위기좋은', '엔틱한', '옛스러운분위기', '카페', '브라우니', '수제맥주', '밀크티', '디저트', '핫플레이스', '경치', '데이트', '힐링', '신선한']"
12153,일광해수욕장,"부산시민이 사랑하는 바다, 일광해수욕장.
역사적으로 기장 8경 중 하나로 꼽힐 만큼 아름다운 일광해수욕장은 과거에 해안선을 따라 노송 숲이 있었다고 전해지는데 고려시대부터 정몽주를 비롯한 인사들이 유람했던 절경 중 하나였다고 한다.

일광해수욕장이 위치하고 있는 일광면 삼성리의 이름은 삼성대(三聖臺)에서 유래되었다. 삼성대는 ‘샘섟대’라는 옛말에서 비롯되었다고 전해지는데, 샘은 약수샘, 섟은 배를 매어두는 곳을 말한다고 한다. 현재는 백사장의 가운데 둔덕을 가리켜 삼성대라고 부른다.
일광해수욕장은 1953년 발표된 오영수의 단편소설 <갯마을>의 배경이 될 만큼 부산의 바다마을을 대표하는 상징성을 가진 곳이기도 하다.",연중무휴,35.260025,129.2336,부산광역시 기장군 일광면 삼성3길 17 ,0,051-709-5446,해변,일광역 1번 출구에서819m,4.11,https://www.visitbusan.net/uploadImgs/files/cntnts/20191225143353231_ttiel,32,"['낭만적인', '아담한', '깨끗한', '화려한', '편안한', '해변', '캠핑', '해루질', '산책', '횟집', '나들이', '경치', '드라이브', '힐링', '촬영지']"
12154,구 백제병원,"부산원도심 이바구길 시작점에 서 있는 붉은 벽돌색 건물 하나. 부산최초의 근대식 종합병원이었던 구 백제병원이다. 1922년 개원하여 당시 최고의 병원으로 유명세를 탔으나 1932년 폐업 이후 중국요리점, 일본군 장교숙소, 부산치안사령부 등을 거치며 굴곡진 부산의 역사와 함께 그 세월을 고스란히 견뎌왔다.

현재 1층에는 구 백제병원의 내?외부 건물구조와 흔적을 그대로 보존한 카페가 성업 중이다. 은은하게 퍼지는 커피향 즐기며 1920년대의 공간 속으로 함께 들어가 보자.",연중무휴,35.116383,129.03917,부산광역시 동구 중앙대로209번길 16,0,051-464-0332,카페,,3.89,https://www.visitbusan.net/uploadImgs/files/cntnts/20191225145805369_ttiel,51,"['카페', '건축물', '데이트', '역사', '문화재']"
12155,백산기념관,백산 안희제 선생은 고향땅을 팔아 백산상회를 열고 그 수익금으로 독립운동 자금을 지원했다. 백산상회는 1919년 백산무역주식회사로 확대된 후 1928년 일제의 탄압으로 문을 닫기까지 국내독립운동의 중요한 거점으로 활용되었다. 1942년 일경에 체포된 선생은 모진 고문의 후유증으로 끝내 독립을 보지 못하고 1943년 순국하였다. 백산기념관은 백산 안희제 선생의 자주독립정신을 기리기 위해 백산상회가 있던 그 자리에 건립되었다.,"월요일, 공휴일(삼일절, 현충일, 광복절 제외)",35.101955,129.03456,부산광역시 중구 백산길 11,0,051-600-4067,역사박물관,중앙역 1번 출구에서214m,4.67,https://www.visitbusan.net/uploadImgs/files/cntnts/20191225150331107_ttiel,3,"['돈가스', '공원', '시장', '토스트', '박물관']"
12156,한성1918 부산생활문화센터,중앙동 원도심 골목길을 걷다가 만나게 되는 한성1918은 한성은행 부산지점으로 1918년에 설립되어 40여 년간 은행업무를 보던 곳이었다. 근대 부산의 부흥기를 함께한 대표적인 금융권 건물이다. 구조보강 과정을 거쳐 2018년 4월 한성1918-부산생활문화센터로 새롭게 탄생하였다. 한성1918은 누구나 참여 가능한 생활문화 활동을 지원하는 복합공간으로서의 역할을 하고 있으며 길을 걷다 우연히 들러 책 한 권 읽는 여유를 즐길 수 있는 장소이기도 하다.,주말,35.10178,129.03444,부산광역시 중구 백산길 13,0,051-257-8038,즐길거리,중앙역 1번 출구에서210m,5,https://www.visitbusan.net/uploadImgs/files/cntnts/20191225150936833_ttiel,2,"['카페', '박물관', '나들이', '조용한', '전시회']"
12157,조선통신사역사관,조선통신사역사관은 한?일 양국의 평화를 위해 조선에서 일본으로 파견된 대규모 국가사절단인 조선통신사의 행적을 재미있게 알려주는 탐방 공간이다. 이와 더불어 매년 5월 광복로 일원에서는 한?일 양국이 참가하는 통신사 행렬 재현 조선통신사축제가 열린다.,"매주 월요일, 1월1일",35.135754,129.06203,부산광역시 동구 자성로99,0,051-631-0858,역사박물관,,3.75,https://www.visitbusan.net/uploadImgs/files/cntnts/20191225151358656_ttiel,4,"['재미있는', '공원', '시장', '성곽', '박물관', '유적지', '나들이', '휴식']"
12158,부산해양자연사박물관,"바닷속 신비함을 만날 수 있는 부산해양자연사박물관은 살아있는 해양의 보고다. 국제적으로 희귀한 자연사 자료 25,000여 점을 수집?전시하고 있다. 호기심 가득한 어린이들을 위한 최고의 체험관.","매주 월요일, 1월 1일",35.22178,129.07591,부산광역시 동래구 우장춘로 175,0,051-553-4944,박물관,온천장역 1번 출구에서1479m,4.12,https://www.visitbusan.net/uploadImgs/files/cntnts/20191225151830289_ttiel,13,"['조그마한', '재미있는', '화려한', '편안한', '닥터피쉬', '공원', '고래', '박물관', '아쿠아리움', '나들이', '비오는날', '데이트', '체험관', '휴식']"
12159,부산근대역사관,"대한민국의 아픈 역사 일제강점기. 일본의 대륙 침략을 위한 교두보였던 부산은 지금도 일본이 남긴 아픔의 흔적을 고스란히 간직하고 있다. 부산근대역사관은 파란만장했던 근대 부산의 역사를 간직한 채, 치열했던 그 시절을 잊어버리지 말라 한다.
근대화 시기의 부산 역사에 대해선 잘 기억하지 못해도 동양척식주식회사는 익숙하다. 일본이 부산을 손아귀에 넣고자 1929년에 설립한 회사가 동양척식주식회사이며, 현재의 부산근대역사관이 있는 건물이다. 해방 후에는 미국이 미문화원으로 50년 동안 무단으로 사용하다가 부산 시민의 끈질긴 요구 끝에 한국에 반환한, 정말 사연 많은 건물이다.

** 부산근대역사관은 리모델링으로 인해 2022년 6월까지 휴관합니다. ","1월 1일, 매주 월요일",35.10266,129.03114,부산 중구 대청로 104,0,051-253-3845,역사박물관,중앙역 5번 출구에서449m,4.8,https://www.visitbusan.net/uploadImgs/files/cntnts/20191225152803689_ttiel,10,"['엔틱한', '재미있는', '웅장한', '옛모습', '깨끗한', '공원', '시장', '온천', '박물관', '책방골목', '체험관', '나들이', '데이트', '유물', '기차여행']"
12160,보수동책방골목,"시간을 되돌아가는 길
마음에 책갈피 하나를 꽂다, 보수동책방골목
갈수록 바빠지는 삶. ‘빨리 빨리’를 좇다 보면 가끔은 모든 것을 내려놓고 잠시 쉬고 싶을 때가 있다. 그럴 때 가던 걸음을 멈추고 한숨 돌리기 좋은 곳, 보수동책방골목으로 가보자!
부산 중구 보수동에 위치한 보수동책방골목은 한국전쟁 당시 부산이 임시수도가 되었을 때 조성된 곳이다. 이북에서 피난 온 어느 부부가 박스를 깔고 각종 잡지와 헌책 등으로 노점을 열면서 그 역사가 시작되었다. 종전 후 부산으로 온 많은 피란민들이 국제시장에 정착하여 힘든 삶을 살던 시절, 학생들과 지식인들은 공부를 하고 싶어도 책을 구하기 어려웠다. 때문에 노점의 헌책방은 성황을 이루었고 차츰 다른 피란민들이 가세하여 하나둘 서점이 늘어난 것이 지금의 책방골목이 되었다.","정기휴일(첫째,셋째주 화요일,신정,구정,추석)",35.103367,129.02663,부산광역시 중구 책방골목길 16,0,051-253-8253,즐길거리,,3.91,https://www.visitbusan.net/uploadImgs/files/cntnts/20191225154726785_ttiel,33,"['골목', '책방골목', '나들이', '핫플레이스', '사진']"
12161,임시수도기념관,"1950년 6월 25일, 민족 최대의 비극 한국전쟁이 일어난 직후 대통령을 비롯한 정부 기관들이 부산으로 옮겨졌고 부산은 임시수도가 되었다. 이때 경남 도지사 관사를 대통령 관저로 사용하게 된 것이, 오늘날까지 부산의 역사를 담은 기념물로 이어져오고 있다.
현재의 임시수도기념관은 대통령 관저 건물과 전시관으로 나누어진다.
대통령 관저 내부에는 응접실, 서재, 집무실 등을 그대로 재현하였다. 당시 응접실은 실질적으로 국내 정치의 중요 결정과 대외적 외교업무가 이루어진 공간이었고, 흔치 않은 서양식 구조로 되어 있는 점으로 미루어 피란수도 시절 중요한 역할을 담당했음을 알 수 있다.
** 코로나19의 여파로 임시수도기념관은 이용제한이 있을 수 있으니 사전에 홈페이지 안내사항을 꼭 확인해 주세요.","1월 1일, 매주 월요일",35.103527,129.01735,부산광역시 서구 임시수도기념로 45,0,051-244-6345,역사박물관,토성역 2번 출구에서385m,4.05,https://www.visitbusan.net/uploadImgs/files/cntnts/20191225160342484_ttiel,10,"['재미있는', '고즈넉한', '화려한', '소박한', '옛모습', '공원', '시장', '박물관', '다방', '밀면', '나들이', '경치', '유물', '숨은', '휴식']"
12162,동아대학교 석당박물관,"등록문화재 41호, 부산 임시수도정부청사, 대한민국 3대 대학박물관. 
하나의 건물을 일컫는 세 가지 이름, 동아대학교 석당박물관이 그 주인공이다.
임시정부청사와 부산지방검찰청으로 사용된 건물을 동아대학교에서 매입해 현재의 석당박물관을 개관하였다. 근대문화유산의 역사적 가치를 인정받아 2002년 등록문화재 41호로 지정되었다.

** 코로나19의 여파로 동아대석당박물관은 이용제한이 있을 수 있으니 사전에 홈페이지 안내사항을 꼭 확인해 주세요.
","매주 월요일, 개교기념일, 법정공휴일",35.10497,129.01926,부산광역시 서구 구덕로 225,0,051-200-8493,박물관,토성역 2번 출구에서333m,4.6,https://www.visitbusan.net/uploadImgs/files/cntnts/20191225160959194_ttiel,10,"['재미있는', '이국적', '미술관', '체험학습', '박물관', '공연', '도시락', '기념일', '유물', '휴식']"
12163,국립일제강제동원역사관,"중일전쟁 발발 후 국가총동원법을 제정한 일본은 조선인들을 강제 동원하여 노동착취 및 인권을 유린했다. 탄광 노무자, 군인, 여자근로정신대라는 이름으로 일본, 만주 등지로 끌려간 조선인들은 혹독한 굶주림과 노역에 시달려야만 했다. 잊으려야 잊을 수 없는 가슴 아픈 역사, 국립일제강제동원역사관에서 함께 기억하고 널리 알리자.

** 코로나19의 여파로 국립일제강제동원역사관은 이용제한이 있을 수 있으니 사전에 홈페이지 안내사항을 꼭 확인해 주세요.
","매주 월요일, 1월 1일, 명절 당일",35.124355,129.09192,부산광역시 남구 홍곡로320번길 100,0,051-629-8600,역사박물관,,4.52,https://www.visitbusan.net/uploadImgs/files/cntnts/20191225162953256_ttiel,29,"['공원', '박물관', '콘서트', '공연', '나들이', '유물', '휴식']"
12164,부산박물관,"‘부산’이라는 이름의 박물관.
그만큼 부산을 대표하는 박물관이자 대한민국의 역사를 담고 있는 곳이다.
1978년 11월에 개관한 ‘부산박물관’은 부산시민의 휴식처이자 구석기 유물부터 고려시대, 조선시대를 거쳐 근현대에 이르기까지 부산의 역사를 한 번에 아우르는 방대한 규모의 전시관이다.
상설전시실은 크게 동래관과 부산관으로 나누어진다.","매주 월요일, 1월 1일",35.12957,129.09451,부산광역시 남구 유엔평화로 63,0,051-610-7111 ,박물관,대연역 3번 출구에서628m,4.4,https://www.visitbusan.net/uploadImgs/files/cntnts/20191225163741459_ttiel,10,"['화려한', '옛모습', '공원', '뽈찜', '유적지', '박물관', '도서관', '나들이', '데이트', '힐링', '유물', '체험관']"
12165,"유엔기념공원, 유엔평화기념관","6월 호국보훈의 달이면 꽃들이 이곳으로 모여든다.
그 꽃은 한국전쟁 전사자들을 기억하는 꽃이자, 전쟁 없는 평화를 염원하는 마음이다.
처음에는 한국전쟁 참전 21개국 11,000위가 봉안되어 있었으나 이후 신원 확인 영령들이 고국으로 돌아가고 현재는 터키, 영국 등 11개국 2,300여 유해가 안장되어 있다. 
묘역은 전사자 매장을 위해 유엔군 사령부가 조성하였고, 전국에 가매장 되었던 전몰장병들의 유해를 옮겨와 안장하였다. 대한민국은 먼 타국에서 목숨을 잃은 유엔군의 희생에 보답코자 공원을 유엔에 기증하였다.

‘턴투워드부산’, 11월 11일 오전 11시 사이렌이 울리면 세계는 유엔기념공원을 향한다. 
한국전쟁 참전용사들의 숭고한 희생정신을 잊지 않기 위해서다.


","유엔기념공원 연중무휴
유엔평화기념관 매주 월요일",35.1277,129.09775,"유엔기념공원 부산광역시 남구 유엔평화로 93 
유엔평화기념관 부산광역시 남구 홍곡로320번길 106",0,"유엔기념공원 051-625-0625
유엔평화기념관 051-901-1400",공원,,0,https://www.visitbusan.net/uploadImgs/files/cntnts/20191225164342360_ttiel,0,"['공원', '전망대', '박물관', '트릭아트', '유물']"
12166,"유엔기념공원, 유엔평화기념관","1950년 6월 25일 한국전쟁이 발발하자 위기의 대한민국을 구하기 위해 국제사회는 유엔의 이름으로 연합군 파병을 결의합니다. 미국, 영국, 터키 등 총 22개국에서 195만여 명이 참전하였고, 40,896명의 유엔군 희생자가 발생하였습니다. 현재 부산 유엔기념공원에는 고귀한 생명을 바친 11개국 2,300여 유엔군전몰장병들이 잠들어 있다고 합니다. 상징구역에는 한국전쟁에 참전한 22개국과 대한민국 국기, 유엔기가 365일 게양되어 있습니다.","유엔기념공원 연중무휴
유엔평화기념관 매주 월요일, 1월 1일, 명절 당일",35.127785,129.09766,"유엔기념공원 부산광역시 남구 유엔평화로 93
유엔평화기념관 부산광역시 남구 홍곡로320번길 106",0,051-625-0625,공원,,0,https://www.visitbusan.net/uploadImgs/files/cntnts/20201106141515814_ttiel,0,"['공원', '전망대', '박물관', '트릭아트', '유물']"
12167,오륙도,"
동해와 남해가 만나는 에메랄드 빛 바다. 눈부시게 푸른 양탄자 위 5개의 섬, 때로는 6개의 섬.
오륙도 앞바다는 방문객들의 마음을 설레게 하기에 부족함이 없다.

부산에 속한 다양한 섬들 가운데서도 아름답기로 손꼽히는 오륙도는 남구 용호동에 속한 바위섬이다. 8천만 년 전, 화산활동으로 만들어진 암석이라는 지질학적 가치를 인정받아 부산국가지질공원으로 지정되었다. 더불어 보호대상 해양생물이 살고 있는 해양보호구역이자 국가지정문화재이기도 하다.",연중무휴,35.102177,129.12334,부산광역시 남구 오륙도로 137,0,051-607-6395,섬,,4.85,https://www.visitbusan.net/uploadImgs/files/cntnts/20191225164921130_ttiel,20,"['웅장한', '공원', '유람선', '전망대', '해안산책로', '일출', '경치', '데이트', '드라이브', '휴식', '신선한']"
12168,신선대,"바위에 남은 신선의 발자국. 
신선이 탄 백마의 발자취.

하늘로 올라가던 신선이 쓰고 있던 탕건이 벗겨져 내려앉았다는 탕건바위까지. 전설마저 아름다운 이곳, 신선대이다.
신선대 바닷가의 절벽은 화강암질로 된 해안이 파도의 침식을 받아 발달된 해식절벽과 해식동굴로 절경을 이루고 있으며, 신라 말 최치원이 신선이 되어 유람하였다고 전하기도 한다. 
신선대 유원지 주차장 옆 오솔길 따라 걸음을 옮겨보면 조금 전까지 도심 속에 있었다는 것이 믿어지지 않을 만큼 조용하고 고즈넉한 풍경이 여행자의 마음을 설레게 한다.",연중무휴,35.102272,129.10277,부산광역시 남구 신선대산복로 174,0,,섬,,0,https://www.visitbusan.net/uploadImgs/files/cntnts/20191225165635368_ttiel,0,"['경치', '일몰', '부두', '조용한', '평화로운']"
12169,"송정해수욕장, 죽도공원","해운대를 지나 달맞이길 따라 돌아 내려오면 넓고 길게 펼쳐진 백사장이 보인다. 그곳이 바로 서퍼들이 사랑하는 바다, 송정해수욕장이다.
해운대, 광안리와 더불어 부산 동부의 3대 해수욕장으로 손꼽히는 송정해수욕장은 수심이 낮고 경사가 완만하여 가족단위 피서지로 인기가 높다.
최근 들어서는 사계절 내내 서퍼들이 몰려드는 서핑의 성지로 각광받고 있다. 동해와 남해가 맞닿아 있는 위치 덕분에 북풍과 남풍의 영향을 동시에 받는데, 이는 사시사철 높은 파도가 끊임없이 들어오는 좋은 조건을 만들어준다. 낮은 수심 덕분에 서핑 입문자들에게는 더 없이 좋은 장소이다. 해수욕장을 둘러싸고 다양한 서핑 숍이 성업 중이다. 서핑 숍에서는 초급부터 고급까지 단계적으로 배울 수 있다.",연중무휴,35.1786,129.19966,부산광역시 해운대구 송정해변로 62,0,051-749-5800,해변,,3.67,https://www.visitbusan.net/uploadImgs/files/cntnts/20191225170315675_ttiel,3,"['이국적', '공원', '대나무', '해변', '일출', '산책', '나들이', '경치', '데이트', '드라이브', '휴식']"
12170,"아난티코브 타운, 이터널저니","최근 들어 호캉스라는 신조어가 생길 정도로 많은 호텔과 리조트는 그 자체로 여행의 목적지가 되기도 한다. 이러한 트렌드에 맞춰 지어진 대표적인 곳이, 바로 힐튼 부산의 ‘이터널저니’다. 언제나 그렇듯, 책은 휴식을 위한 가장 효과적인 수단이 되어 주니 말이다.
부산 기장군에 위치한 힐튼 호텔의 이터널저니(Eternal Journey)는 카페, 레스토랑 등이 위치한 아난티코브 타운 내에 위치해있다. 입구에 들어서는 순간 책의 가치에 대한 이터널저니의 남다른 관점을 알아챌 수 있다. 500평 규모 안에, 진열되어 있는 책만 해도 2만 권이 넘는데, 진열대의 구성도 일반적이지 않다. 일반 서점과 달리 베스트셀러, 신간 코너를 과감하게 뺀 것이 이색적이다.",연중무휴,35.197235,129.22784,부산광역시 기장군 기장읍 기장해안로 268-31 ,0,051-604-7222,즐길거리,,0,https://www.visitbusan.net/uploadImgs/files/cntnts/20191225170855698_ttiel,0,"['서점', '느낌있는', '쾌적한', '분위기좋은', '분위기있는']"
12171,스카이워크 시리즈,"오륙도 스카이워크 
2012년 개장한 '오륙도 스카이워크'는 35m의 해안 끝 절벽에 위치하고 있다. 아래가 내려다보이는 투명한 유리 바닥은 고하중을 견딜 수 있는 방탄유리로 만들어졌다. 동해와 남해가 만나는 에메랄드 빛 오륙도 앞바다는 그야말로 장관이다.

송도 구름산책로
대한민국 제1호 공설해수욕장인 송도해수욕장에 부산 최대 규모의 스카이워크 ‘구름산책로’가 있다. 구름산책로에서 바라보는 송도 바다는 너무나 아름답다. 저 멀리 대형 선박이 점점이 떠 있고, 하늘 위로는 색색의 케이블카가 오르내린다.

청사포 다릿돌 전망대
청사포의 다릿돌 전망대는 청사포 마을을 상징하는 푸른 용을 형상화해 독특한 곡선의 형태로 만들어졌다. ‘다릿돌’은 청사포 해안에서 해상 등대까지 가지런히 늘어선 다섯 암초가 마치 징검다리 같다고 하여 붙여진 이름이다. ","연중무휴(눈, 비, 강풍 및 시설 개·보수 시 개방 제한)",35.100853,129.1243,"오륙도 스카이워크 부산광역시 남구 오륙도로 137 
송도 구름산책로 부산광역시 서구 송도 해변로 156
청사포 다릿돌 전망대 부산광역시 해운대구 청사포로 167 ",0,"051-607-6395
",즐길거리,,0,https://www.visitbusan.net/uploadImgs/files/cntnts/20191225171918703_ttiel,0,"['재미있는', '깨끗한', '화려한', '편안한', '웅장한', '공원', '유람선', '전망대', '해안산책로', '야경', '주말나들이', '가족여행', '경치', '드라이브', '등산']"
12172,민락수변공원,"바다에서 불어오는 바람을 가장 먼저 맞는 곳.
마린시티와 광안대교의 야경을 가장 가까운 곳에서 만나는 곳.
여름이면 남녀노소가 모이는 휴식처, 민락수변공원이다.

1997년 개장한 민락수변공원은 마린시티와 광안대교가 생기기 이전부터 부산시민들의 휴식처로 사랑받아왔다. 푸른 하늘과 끝없는 바다가 한눈에 펼쳐지는 풍경은 주변의 환경이 여러 번 바뀌는 동안에도 그 자리를 굳건히 지켜왔다.
푸른 바다의 탁 트인 풍경은 보는 이들의 마음까지 시원하게 해주는 듯하다. 낮의 수변공원이 조용하게 혼자만의 바다를 만끽할 수 있는 매력이 있다면, 밤이 된 수변공원은 활기와 낭만이 넘친다. 특히 여름밤의 수변공원은 열대야를 날려버리고자 하는 사람들로 북적인다.",연중무휴,35.155907,129.13435,부산 수영구 광안해변로 361 ,0,051-610-4742,공원,,4.33,https://www.visitbusan.net/uploadImgs/files/cntnts/20191225174730014_ttiel,35,"['분위기좋은', '낭만적인', '깨끗한', '화려한', '활기찬', '수변공원', '밤바다', '야경', '횟집', '포장마차', '핫플레이스', '경치', '데이트', '드라이브', '싱싱한']"
12173,송도해수욕장,"나이 지긋한 어르신의 추억 속 해수욕장이 젊은이들의 핫플로 다시 태어났다면?
SNS를 뜨겁게 달구며 너도나도 업로드 경쟁중인 장소의 주인공 송도해수욕장으로 간다.

송도해수욕장은 1913년에 개장한 우리나라 1호 해수욕장으로 개장 100주년을 넘어선 해수욕장이다. 1960~70년대 최고의 전성기를 누렸으나 80년대에 들어서면서 아무도 찾지 않는 쓸쓸한 해수욕장이 되어버렸다. 하지만 천혜의 자연환경을 가진 송도해수욕장의 훼손을 안타까워하는 마음이 모여 지속적인 정비가 이루어졌고, 그 결과 예전보다 더 아름다운 해수욕장으로 변모하였다. 깨끗한 모래사장과 맑은 수질, 구름산책로, 해상케이블카를 가진 송도해수욕장은 이제 연간 500만이 넘는 관광객이 찾는 명소가 되었다.",연중무휴,35.07595,129.01694,부산광역시 서구 송도해변로 100,0,051-240-4000,해변,,4.75,https://www.visitbusan.net/uploadImgs/files/cntnts/20191225175459392_ttiel,28,"['재미있는', '아담한', '깨끗한', '화려한', '편안한', '밤바다', '해변', '해안산책로', '야경', '횟집', '핫플레이스', '경치', '가족나들이', '드라이브', '기차여행']"
12174,아미산전망대,"영남지방 전역을 시원하게 관통하는 낙동강, 그 끝자락이 남해와 만나 바다가 되기 직전 강줄기 따라 실려 온 모래는 거대한 삼각주가 되어 비옥한 땅을 이룬다. 풍부한 먹이와 깨끗한 수질로 수많은 철새들의 삶의 터전이 되는 낙동강 하류. 강과 바다가 만나 이루는 환상적인 분위기를 느끼고 싶다면 아미산전망대로 가보자.","1월 1일, 월요일",35.052727,128.96075,부산광역시 사하구 다대낙조2길 77,0,051-265-6863,전망대,,4.5,https://www.visitbusan.net/uploadImgs/files/cntnts/20191225180243523_ttiel,6,"['느낌있는', '평온한', '편안한', '신비한', '야경', '분수', '전망대', '산책로', '일몰', '나들이', '경치', '드라이브', '등산', '휴식']"
12175,아미동 비석마을,"도로 하나를 사이에 두고 감천문화마을과 나란히 펼쳐지는 아미동 비석문화마을.
산복도로 르네상스 시대를 맞아 방문하는 관람객들로 분주해진 산동네 마을 중 하나이다.

6.25 전쟁 통에 가재도구만 짊어지고 무작정 나선 피난길. 부산역으로 자꾸 몰려드는 피난민들에게 공무원이 쥐어준 작은 쪽지에는 짧은 주소가 하나 적혀 있었다.
‘아미동 산19번지’, 앞으로 그들이 터를 잡고 살아가야 할 곳, 아미동 비석문화마을의 시작이었다.
일본인들의 공동묘지였던 아미동 산비탈 일대는 해방 후 그대로 방치되었다가, 부산으로 피난 온 사람들이 이 곳에 터를 잡게 되면서 주거지로 점차 바뀌게 되었다.",연중무휴,35.099068,129.0127,부산광역시 서구 아미로49,0,,즐길거리,,4,https://www.visitbusan.net/uploadImgs/files/cntnts/20191226093554532_ttiel,2,"['화려한', '작은규모', '시장', '전망대', '박물관', '야경', '복숭아', '숨은', '경치', '힐링', '유물', '등산']"
12176,부산시립미술관,"대형/소형 전시실, 로비전시실, 옥외전시실, 어린이미술관, 이우환공간, 카페테리아 등을 갖춘 복합문화공간이다. 다양한 현대미술작품을 발굴하여 전시하고 있으며, 다채로운 문화행사와 체험프로그램도 운영한다.

** 코로나19의 여파로 부산시립미술관은 이용제한이 있을 수 있으니 사전에 홈페이지 안내사항을 꼭 확인해 주세요.","1월 1일, 매주 월요일",35.16702,129.1369,부산광역시 해운대구 APEC로 58,0,051-744-2602,아트갤러리,,4.15,https://www.visitbusan.net/uploadImgs/files/cntnts/20191226100545553_ttiel,26,"['감각적인', '재미있는', '화려한', '신비로운', '편안한', '미술관', '박물관', '비엔날레', '야경', '도서관', '숨겨진', '신선한', '데이트', '힐링', '유물']"
12177,오랑대공원,"갯바위에 부딪치는 파도소리가 마음의 평안을 가져다주는 오랑대공원.
해안가 산책로를 걸으며 바다감성 만끽하고 밤이면 인근 대변항의 야경까지 더해 낭만적인 시간을 보낼 수 있는 곳. 언제부턴가 캠핑을 즐기는 사람들이 삼삼오오 모여들었다.
바다 야경과 일출을 모두 볼 수 있는 곳으로 오랑대공원 만한 곳이 있을까. 금빛 바다를 배경으로 우뚝 솟은 용왕단의 검은 실루엣은 오랑대 일출의 장관이다.",연중무휴,35.205246,129.22583,부산광역시 기장군 기장읍 기장해안로 340,0,,공원,,4.12,https://www.visitbusan.net/uploadImgs/files/cntnts/20191226101451768_ttiel,17,"['공원', '쾌적한', '산책', '산책로', '평화로운']"
12178,국립수산과학관,"전시관 입구에서부터 참고래 실물 뼈가 관람객을 놀라게 하는 국립수산과학관으로 가보자.
신비로운 푸른 바다 복도를 지나 신기하고 재미있는 바다 친구들이 어린이들을 기다린다. 선박을 조종하는 키를 잡은 손에서 미래 해양인의 꿈이 자란다.

** 코로나19의 여파로 국립수산과학관은 이용제한이 있을 수 있으니 사전에 홈페이지 안내사항을 꼭 확인해 주세요.","매주 월요일, 설날?추석연휴",35.193687,129.22423,부산광역시 기장군 기장읍 기장해안로 216,0,051-720-3061,박물관,,4.6,https://www.visitbusan.net/uploadImgs/files/cntnts/20191226102157667_ttiel,5,"['재미있는', '웅장한', '닥터피쉬', '과학관', '고래', '박물관', '나들이', '경치', '데이트', '비오는날', '체험관']"
12179,요산문학관,"요산문학관은 부산의 변방, 소외된 사람들의 삶을 소설로 고발한 요산 김정한 선생의 문학을 기리는 공간이자 지역민들을 위한 열린 문화 공간이다.
일제강점기와 한국전쟁을 지나며 권력에 빌붙어 불의를 일삼는 사람들을 향해 그의 소설 속 주인공은 ‘사람답게 살아가라’고 일침을 놓는다. 요산문학관에서 만나는 김정한 선생은 너그러운 웃음 가진 옆집 할아버지의 모습이지만, 민중을 선동하는 요주의 작가로 지목될 만큼 평생을 민족의식 고취에 남다른 의욕을 보였다.
전시관에는 선생의 육필원고와 직접 만든 한글카드, 소장도서 등이 전시되어 있다.

** 코로나19의 여파로 요산문학관은 이용제한이 있을 수 있으니 사전에 홈페이지 안내사항을 꼭 확인해 주세요.","월요일, 국경일",35.27258,129.08571,부산광역시 금정구 팔송로 60-6,0,051-515-1655,역사박물관,,0,https://www.visitbusan.net/uploadImgs/files/cntnts/20191226105751809_ttiel,0,"['기념관', '생가', '작품전시', '자필원고', '소장도서', '고즈넉한', '옛스러운분위기']"
12180,박차정의사 생가,"박차정의사 생가는 동래구 낙민역에서 안내 표지판을 따라 걸음을 옮기기만 하면 쉽게 만날 수 있다. 주택가 골목 사이에 펄럭이는 태극기와 함께 소담한 생가가 자리하고 있다.
박차정의사는 동래일신여학교에서 항일 학생운동을 주도하였고 이후 중국으로 망명해 의열단의 핵심단원으로 활동하며 죽을 때까지 민족과 여성의 해방을 외쳤다.
오늘의 평화를 선물해주신 독립운동가 분들께 잠시나마 감사한 마음을 새겨보는 것도 좋겠다.","월요일, 1월1일, 명절연휴, 임시공휴일",35.201904,129.0904,부산광역시 동래구 명륜로98번길 129-10,0,051-556-0527,역사박물관,,0,https://www.visitbusan.net/uploadImgs/files/cntnts/20191226110347271_ttiel,0,"['기념관', '생가']"
12181,우장춘 기념관,"일본에서 나고 자란 농학자 우장춘 박사는 해방 후 한국정부의 초청으로 귀국한 뒤 일본에 의존할 수밖에 없었던 채소종자를 품종개량을 통해 국내 완전자급이 가능하도록 전력을 기울인 분이다.
아버지의 지난 과오에 속죄하는 마음으로 우리나라 땅에 맞는 작물을 연구?개발하는데 헌신하였고 그 덕에 후손들은 맛있는 토종 작물을 먹을 수 있게 되었다. 오늘은 기념관에 들러 우장춘 박사께 존경의 마음을 전해보는 건 어떨까.","월요일, 1월 1일, 설?추석 연휴",35.213547,129.07202,부산광역시 동래구 우장춘로62번길 7,0,051-550-6633,역사박물관,,0,https://www.visitbusan.net/uploadImgs/files/cntnts/20191226110901484_ttiel,0,"['박물관', '유적지', '온천', '식물원', '농장', '체험관']"
12182,누리바라기전망대,"부산 산복도로의 추억을 공유하고 싶은 여행자에게 바다와 하늘과 도심을 모두 바라보는 누리바라기 전망대를 추천한다.
부산항의 아름다운 풍경과 더불어 부산타워와 영도대교까지 조망할 수 있고, 시원하게 펼쳐지는 산과 바다 그리고 도심의 파노라마가 감동으로 다가오는 곳이다. 밤이 오면 산복도로의 은은한 야경과 부산항의 화려한 조명이 대비되어 색다른 장면을 선사한다.
바람이 전해주는 소리나무의 청아한 풍경소리 들으며 산복도로의 낭만에 취해보자.
",연중무휴,35.09092,129.02019,부산광역시 서구 남부민동 50-40,0,,전망대,,4,https://www.visitbusan.net/uploadImgs/files/cntnts/20191226113720642_ttiel,6,"['전망대', '산', '청량한', '숲', '등산', '신선한']"
12183,최민식갤러리,"1960~70년대 부산 자갈치시장을 주무대로 활동했던 다큐멘터리 사진작가 최민식 선생의 갤러리가 아미문화학습관 2층에 자리하고 있다.
가난한 피란민의 고단한 생활상을 연출 없이 그대로 카메라 앵글에 담아냈다. 사진기 하나 달랑 들고 주로 낮은 곳으로만 향했던 작가의 작품에는 ‘인간’에 대한 위로가 가득하다.
최민식 작가는 ‘감정 없이는 카메라를 들 수 없다’고 하였다. 소외된 소시민의 밝은 미소를 보며 그 역시 가슴이 뭉클했으리라.",월요일,35.09833,129.01472,부산광역시 서구 천마산로410,0,051-240-4495,아트갤러리,,3,https://www.visitbusan.net/uploadImgs/files/cntnts/20191226115628787_ttiel,1,"['갤러리', '화랑', '사진', '작가', '느낌있는']"
12184,수영사적공원,"조선시대 남해안 수군지휘부 경상좌도수군절도사영이 있던 자리가 현재의 수영사적공원이다. 수군절도사영의 줄임말 ‘수영’이 현재의 지명으로 그대로 굳어졌다고 한다.
역사적 상징성을 가진 유적공원이지만 시민들의 가벼운 산책공간으로 더 친근하다. 나무가 우거진 시원한 오솔길은 도심 속 힐링 장소로 손색이 없다. 놀이마당에서는 수영야류 등 무형문화재 공연이 정기적으로 열린다.",연중무휴,35.170967,129.1143,부산광역시 수영구 수영성로 43,0,051-752-2947,공원,,5,https://www.visitbusan.net/uploadImgs/files/cntnts/20191226132135171_ttiel,2,"['이국적', '재미있는', '화려한', '햇살좋은', '고즈넉한', '공원', '시장', '유적지', '공연', '산책', '나들이', '경치', '데이트', '힐링', '숨은']"
12185,부산기상관측소,"살랑살랑 바람 불어 기분 좋은 날에는 부산기상관측소로 향해보자. 부산기상관측소는 1934년 당시 중구 일대에서 가장 높았던 복병산 자락으로 옮겨왔다. 이 건물은 일제강점기 근대건축물의 특징을 그대로 간직한 것으로 큰 바다로 나아가는 선박의 모양을 본 따 지어진 것이라 한다. 세계기상기구(WMO)에서 선정한 ‘100년 관측소’이다. 용두산 공원과 부산타워, 멀리는 남항대교까지 조망할 수 있는 기상전망대도 놓치지 말자.","토?일요일, 공휴일",35.104973,129.03218,부산광역시 중구 복병산길32번길 5-11,0,051-718-0200,즐길거리,,0,https://www.visitbusan.net/uploadImgs/files/cntnts/20191226132812226_ttiel,0,"['기상대', '명소', '분위기좋은', '풍경', '사진촬영']"
12186,을숙도,"낙동강줄기와 남해 바닷물이 하나 되는 곳, 비옥한 토양과 민물 어패류의 생태적 보고, 넓은 지대와 풍부한 먹이 덕에 겨울 철새들이 모여드는 곳, 부산의 아름다운 섬, 을숙도를 찾았다. 
을숙도는 강 하구에 토사가 쌓여 만들어진 섬이다. 이름에서도 알 수 있듯, 새가 많고 물이 맑은 섬 을숙도는 우리나라 제1의 철새도래지로도 유명하다. 1950년대에는 아시아 최대 철새도래지로 손꼽히던 곳이다. 그래서 을숙도 여행은 낙동강하구에코센터에서 시작하는 걸 추천한다. 아미산전망대, 을숙도철새공원 등이 있고 낙동강 하구 자연생태에 관한 다양한 전시까지 볼 수 있다.

** 코로나19의 여파로 낙동강하구에코센터는 이용제한이 있을 수 있으니 사전에 홈페이지 안내사항을 꼭 확인해 주세요.",연중무휴,35.107143,128.94283,부산광역시 사하구 낙동남로 1240,0,051-209-2000,섬,,4.07,https://www.visitbusan.net/uploadImgs/files/cntnts/20191226143325464_ttiel,15,"['재미있는', '분위기있는', '영화보기좋은', '평화로운', '깨끗한', '자전거대여', '자동차극장', '생태공원', '산책', '갈대', '나들이', '경치', '데이트', '드라이브', '휴식']"
12187,부산시청자미디어센터,"부산시청자미디어센터의 정회원이라면 누구나 1인 미디어의 꿈을 펼칠 수 있다. 방송제작에 필요한 교육부터, 영상장비 대여, 편집실과 녹음실 이용이 모두 무료이다. 학생들을 위한 맞춤형 스튜디오 체험프로그램도 정기적으로 운영한다.
미디어 놀이터 부산시청자미디어센터에서 잠재된 상상력을 마음껏 펼쳐보자.

** 코로나19의 여파로 시청자미디어센터는 이용제한이 있을 수 있으니 사전에 홈페이지 안내사항을 꼭 확인해 주세요.


","일요일, 공휴일",35.17255,129.1302,부산광역시 해운대구 센텀중앙로 42,0,051-749-9500,즐길거리,,5,https://www.visitbusan.net/uploadImgs/files/cntnts/20191226152407686_ttiel,2,"['체험', '재단', '가족여행', '편안한', '깨끗한']"
12188,구포어린이교통공원,"교통안전교육도 받고 신나게 뛰어놀 수도 있는 곳, 어린이들의 천국, 구포어린이교통공원을 소개한다.
어린이들의 교통안전 조기교육을 목적으로 현장중심의 체계적인 교육프로그램을 운영하는 곳이다. 실내 교통안전교육과 연계하여 실외 교통안전관련 체험프로그램이 인기다. 단체관람 외 개별이용자는 토요일에 예약 없이 자유 관람이 가능하다.","매주 일요일, 법정공휴일",35.200867,129.0008,부산광역시 북구 낙동북로 687,0,051-309-4805,공원,구명역 2번 출구에서265m,0,https://www.visitbusan.net/uploadImgs/files/cntnts/20191226182356876_ttiel,0,"['공원', '산책길', '산책로', '놀이동산', '테마파크', '나들이', '체험관', '휴식']"
12189,부산솔로몬로파크,"재미없고 지루한 법은 이제 안녕. 법을 쉽게 배우고 재미있게 체험할 수 있는 솔로몬로파크로 가자.
솔로몬로파크는 법교육 테마공원으로 법놀이터와 법체험관으로 나누어 각각 다양한 체험과 연수프로그램을 운영한다. 딱딱한 법이 아닌 친근한 이웃 같은 법을 체득하는 공간이다. 법과 정의의 배움터 솔로몬로파크에서 법과 함께 신나게 놀아보자.","1월 1일, 명절연휴",35.200798,129.00198,부산광역시 북구 낙동북로 755,0,051-330-4000,공원,구명역 2번 출구에서1155m,4.33,https://www.visitbusan.net/uploadImgs/files/cntnts/20191226183133502_ttiel,3,"['미로', '암벽등반', '도서관', '체험관']"
12190,부산어촌민속관,"지금은 거대한 해양관광수도의 상징이 되었지만 과거 부산은 조그만 어촌마을에 지나지 않았다. 오로지 바다와 낙동강에 삶을 의지하며 어촌문화를 꽃피운 선조들의 삶을 엿볼 수 있는 부산어촌민속관은 낙동강과 함께 수천 년을 살아 온 사람들에 대한 이야기와 그들의 삶에 녹아든 민속 문화를 생생하게 재현해 놓은 곳이다.
오늘은 강에서 바다로 이어지는 부산 어촌문화에 대한 여행을 계획해보는 것은 어떨까.

** 코로나19의 여파로 부산어촌민속관은 이용제한이 있을 수 있으니 사전에 확인해 주세요.","매주 월요일, 1월 1일",35.234074,129.00859,부산광역시 북구 학사로 128,0,051-363-3333,박물관,화명역 1번 출구에서718m,3.7,https://www.visitbusan.net/uploadImgs/files/cntnts/20191226184130120_ttiel,5,"['아담한', '신비한', '옛모습', '체험학습', '박물관', '도서관', '항구', '과학관', '나들이', '낚시체험', '유적', '체험관', '유물']"
12191,삼락생태공원,"유유히 흘러가는 낙동강 줄기 옆으로 삼락동 둔치에 넓게 자리 잡은 삼락생태공원. 넓이만 472만 2000㎡에 이르는 공원은 계절마다 각기 다른 매력을 뽐내며 방문객의 사랑을 받고 있다. 특히 부산의 허파 기능을 담당하는 삼락생태공원에서는 그 이름에 걸맞게 습지를 비롯한 다양한 식생을 관찰할 수 있다. 벚꽃단지, 물억새 군락지, 야생화단지 등 자연생태계 구성원 하나하나를 피부로 느낄 수 있으며 생태계를 보존하고 가꿔 나가는 방법도 자연스레 깨닫게 된다.

멀지 않은 도심 속 힐링 공간이자 계절마다 다른 얼굴로 변하는 삼락생태공원. 최소한 네 번은 방문해야 할 듯하다.",연중무휴,35.16884,128.97397,부산광역시 사상구 낙동대로 1231,0,051-303-0048,공원,괘법 르네시떼역 1번 출구에서435m,4.45,https://www.visitbusan.net/uploadImgs/files/cntnts/20191227101820124_ttiel,10,"['재미있는', '분위기있는', '깨끗한', '화려한', '운치있는', '자전거대여', '연꽃단지', '생태공원', '벚꽃명소', '캠핑', '나들이', '데이트', '드라이브', '휴식', '피크닉']"
12192,암남공원/송도해안볼레길,"소나무 숲 사이로 보이는 남해 바다.
그 위로 비치는 햇빛.
반짝이는 물결 사이로 떠 있는 배들의 모습.
여행자의 마음에 여유를 선물하는 아름다운 곳, 암남반도 남쪽 끝자락에 위치한 암남공원이 그곳이다. 
오랜 시간 군사보호구역으로 묶여 출입이 통제되었던 암남공원은 산림이 우거진 산책로와 기암절벽으로 이뤄진 해안풍경이 눈길을 사로잡는 곳이다.
바다를 바라보며 삼림욕하기 좋은 둘레길이 조성돼 있고 전망대와 구름다리 등이 잘 갖춰져 있다. 깨끗한 청정 바다 덕분에 낚시객에게도 연중 월척을 꿈꾸게 하는 장소다.",연중무휴,35.058804,129.01566,부산 서구 암남공원로 185,0,051-240-4538,산책로,,4,https://www.visitbusan.net/uploadImgs/files/cntnts/20191227112720050_ttiel,4,"['분위기좋은', '깨끗한', '화려한', '분주한', '운치있는', '공원', '조개구이', '해안산책로', '포장마차', '전복', '경치', '싱싱한', '드라이브', '등산', '데이트']"
12193,장림포구 ,"해운대, 광안리 등 동부산에 비해 조명 받지 못하던 서부산이 최근 많이 사랑받고 있다. 부네치아그램 등 SNS를 통해 알려지기 시작한 장림포구는 부산의 베네치아, 즉 ‘부네치아’로 불리며 많은 사람들이 찾고 있는 인생샷 스폿이다.
형형색색의 표지판이 우리를 반기는 장림포구, 표지판을 따라 걷다보니 형광색으로 빛나는 예쁜 건물과 배들이 줄지어 서있는 포구의 좁고 긴 바다, 그리고 쾌청한 하늘이 우리를 반긴다. 깜찍한 안내도를 보니 여기는 ‘ㄷ’ 자로 생겼구나, 그럼 한 바퀴 돌아야겠구나 하는 생각이 든다.",연중무휴,35.080727,128.95694,부산광역시 사하구 장림로93번길 72,0,,즐길거리,,1.58,https://www.visitbusan.net/uploadImgs/files/cntnts/20191227160751479_ttiel,19,"['항구', '노을', '자전거', '산책', '풍경']"
12194,가덕도,"그림 속 풍경처럼 눈이 시린 푸른 바다, 천혜의 자연경관, 그러나 아물지 않은 전쟁의 기억.
여기는 가덕도다.

낙동강 물줄기가 긴 여정을 끝내고 남해로 흘러드는 강 하구, 아름다운 모래섬 뒤로 떨어지는 낙조, 그리고 그 위를 가로지르는 거가대교의 멋진 전망을 간직한 섬.
아는 만큼 보인다고 했던가. 자연의 풍요가 가려버린 가덕도의 아픈 역사를 한번쯤은 되돌아보는 시간, 오늘은 그 여정을 따라가 보자.",연중무휴,35.022896,128.8172,부산광역시 강서구 가덕해안로 21,0,051-970-4062(강서구청 문화체육과),섬,,3.3,https://www.visitbusan.net/uploadImgs/files/cntnts/20191227161822663_ttiel,47,"['조그마한', '아담한', '웅장한', '평화로운', '전망대', '둘레길', '벽화마을', '해저터널', '숭어회', '경치', '유적', '드라이브', '등산', '산행']"
12195,렛츠런파크 부산경남,"다양한 종류의 테마파크가 있지만, ‘말 테마파크’로는 이 곳을 따라올 곳은 없다. 입구에서부터 역동적인 말 동상이 우리를 반기는 곳, 바로 렛츠런파크 부산경남이다.
거대한 아치형 정문과 청동마상을 지나 주차장을 지나면 렛츠런파크의 입구가 보인다. 길게 뻗은 광장과 양 옆으로 늘어선 부스들의 기분 좋은 북적임이 생동감 넘치는 ‘테마파크’의 느낌을 물씬 느끼게 한다.",월~화,35.1566,128.87521,부산광역시 강서구 가락대로 929,0,1566-3333,즐길거리,,3.73,https://www.visitbusan.net/uploadImgs/files/cntnts/20191227163229549_ttiel,11,"['경마장', '편안한', '깔끔한', '체험', '가족나들이']"
12196,국립부산과학관,"국립부산과학관은 과학 꿈나무들을 태우고 항해하는 멋진 배 모양으로 우리 앞에 우뚝 서 있다.
전시관을 돌아보면 참 다양하고 신기한 체험물들이 많이 보인다. 적지 않은 체험물들이 어린이만 체험 가능한 것들이 많아서, 신기한 눈빛으로 체험을 하는 아이들과 그 아이들을 신기하게 보고 있는 어른들의 모습이 참 따뜻하게 느껴진다.
워낙 규모가 크고 체험거리도 많아서 슬슬 배가 고파 올 때쯤, 푸른 잔디밭이 보이는 푸드코트가 보인다. 눈마저 시원하게 식사를 하고 다시 밖으로 나오자, 큼지막한 하얀색 돔이 보인다. 바로 대형 돔스크린으로 쏟아지는 별자리를 즐길 수 있는 천체 투영관이다. 천체투영관에서 대낮에도 밤하늘 여행을 다녀 와보자.
","매주 월요일, 1월 1일, 설날?추석 당일",35.20468,129.2127,부산광역시 기장군 기장읍 동부산관광6로 59,0,051-750-2300,과학관,,4.18,https://www.visitbusan.net/uploadImgs/files/cntnts/20191227172536751_ttiel,14,"['조그마한', '재미있는', '친절한', '신비한', '깨끗한', '아울렛', '과학관', '체험학습', '박물관', '공연', '나들이', '데이트', '숨겨진', '체험관', '휴식']"
12197,송상현광장,"도심 한가운데 아름다운 숲과 실개천을 간직한 송상현광장, 산들바람 부는 날에 메타세쿼이아 나무 아래에서 나만의 여유를 즐기기에 안성맞춤인 곳이다. 카페와 야외공연장 등 편의시설도 갖추고 있어서 다양한 이벤트와 공연을 관람할 수 있는 곳, 송상현광장은 시민을 위한 부산 최대 규모의 도심광장이다.",연중무휴,35.166397,129.06595,부산광역시 부산진구 중앙대로 818,0,051-850-6081,공원,,4.8,https://www.visitbusan.net/uploadImgs/files/cntnts/20191227175243198_ttiel,10,"['광장', '축제', '체험', '즐거운', '데이트']"
12198,부산어린이대공원,"아이와 함께라면? 일단 어린이대공원으로 가자.
부산 어린이대공원이 아름다운 순환산책로의 탄생과 함께 가족 방문객들의 최애 장소로 변모했다. 어린이회관에 이르는 길은 오르막이긴 하지만 어린이 놀이터를 비롯해 볼거리, 놀거리가 많아 동심은 끊임없이 즐겁다.
우거진 숲속엔 꼬마 아이들도 쉽게 걸을 수 있는 산책로가 있고, 나무 사이사이 피크닉을 즐길 수 있는 야외테이블도 자리한다. 계곡 따라 흐르는 시원한 물소리 들으며 가족과 함께 자연이 전해주는 치유의 시간을 즐겨보자.",연중무휴,35.184998,129.04153,부산광역시 부산진구 새싹로 295,0,051-860-7848,공원,,4.21,https://www.visitbusan.net/uploadImgs/files/cntnts/20191227180139517_ttiel,26,"['조그마한', '재미있는', '화려한', '평온한', '깨끗한', '계곡', '시민공원', '놀이동산', '산책로', '동물원', '경치', '가족나들이', '등산', '데이트', '휴식']"
12199,국립부산립국악원,"부산?영남 지역의 정서가 담긴 전통 공연뿐 아니라 전국 팔도의 흥을 모아 새로운 국악의 얼굴을 보여주는 국립부산국악원. 우리 가락과 함께 신명나는 국악의 향연이 일 년 내내 펼쳐지는 곳이다. 실내공연장에서 열리는 상설 국악공연, 시민과 함께 놀며 즐기는 야외 풍물공연, 그리고 누구나 참여 가능한 국악체험프로그램 등 일상 속에서 국악을 제대로 즐길 수 있는 기회를 제공하는 시민을 위한 열린 공간이다.

** 코로나19의 여파로 국립부산국악원은 이용제한이 있을 수 있으니 사전에 홈페이지 안내사항을 꼭 확인해 주세요.",연중무휴,35.17132,129.05424,부산광역시 부산진구 국악로2,0,051-811-0114,박물관,,0,https://www.visitbusan.net/uploadImgs/files/cntnts/20191227181259877_ttiel,0,"['문화', '국악', '공연', '행사', '콘서트']"
12200,삼광사,"산새 아름다운 백양산 자락에 웅장한 자태 뽐내며 아랫동네를 품에 가득 안고 있는 삼광사. 규모가 큰 사찰이지만 관음기도도량으로 조용히 기도를 드리는 사람이 많다. 부처님 진신사리가 봉안된 탑을 돌며 저마다 기도하는 마음이 간절하다.
부처님 오신날이면 삼광사 연등축제의 장관을 꼭 담아봐야 한다. 형형색색의 연등이 산자락을 타고 불을 밝히는 5월엔 세상 그 어디보다 가장 빛나는 삼광사를 찾아가보자.",연중무휴,35.175694,129.04338,부산광역시 부산진구 초읍천로43번길 77,0,051-808-7111,종교적인 장소,,3.8,https://www.visitbusan.net/uploadImgs/files/cntnts/20191227184611977_ttiel,10,"['사찰', '축제', '거대한', '편안한', '깨끗한']"
12201,청사포와 미포,"분명히 부산 시내에 있지만 멀리 떨어진 어촌마을로 온 듯한 기분을 선사해주는 청사포와 미포, 그 소박한 풍경 속으로 떠난다.

청사포의 ‘청사’는 ‘푸른 모래’ 라는 뜻이다. 이름만 들어도 왠지 설레고 청량한 느낌이 드는 예쁜 이름의 청사포. 도시철도 장산역에서 언덕을 넘어 골목길을 따라 내려오면 청사포 입구 교차로가 보이고, 그 너머로 작은 어촌 마을 청사포가 모습을 드러낸다. 언덕을 넘는 순간 내려다보이는 청사포의 아름다운 모습에 눈을 뗄 수 없다.",연중무휴,35.1602,129.19138,"청사포 부산광역시  해운대구 청사포로128번길 25
미포 부산광역시 해운대구 달맞이길62번길",0,051-749-4000,즐길거리,중동역 7번 출구에서900m,3.92,https://www.visitbusan.net/uploadImgs/files/cntnts/20191227190325222_ttiel,30,"['분위기있는', '이국적', '분위기좋은', '옛모습', '운치있는', '철길', '조개구이', '야경', '횟집', '장어구이', '힐링', '경치', '데이트', '드라이브', '영화촬영지']"
12202,뮤지엄다,"미술관하면 ‘정숙’이라는 단어가 먼저 떠오를지도 모르겠다. 하지만 이 미술관에서는 전시장 바닥에 핀 형형색색의 꽃 위로 껑충껑충 뛰어다니는 아이들이다. 일방적으로 보는 미술관이 아닌 내가 곧 미술작품이 되는 곳, 미디어 미술관 뮤지엄다로 가보자.
“예술은 단순히 관람하는 것이 아니라 활용되고 사용되고 체험되어야 비로써 그 가치가 빛을 발한다고 믿습니다.”
뮤지엄다의 윤상훈 부관장이 이야기한대로, 뮤지엄다에 들어선 순간 활용되고 사용되고 체험되는 예술을 우리는 만끽하게 된다. 1층 입구에 들어선 순간부터 현실에서는 만날 수 없는 화려하고 다양한 색의 향연을 우리는 마주하게 된다. 그렇게 길지 않은 복도를 지나는 데 한참이나 시간이 걸리는 건, 크지 않은 공간 속에서 끝없이 새로운 모습을 보이는 액자 속의 그림들이 같은 공간을 계속해서 다른 공간으로 만들어주기 때문이다.",연중무휴,35.171303,129.12901,부산광역시 해운대구 센텀서로 20,0,051-731-3302,즐길거리,센텀시티역 6번 출구에서453m,4.54,https://www.visitbusan.net/uploadImgs/files/cntnts/20191227192655705_ttiel,95,"['미술관', '전시', '예술', '화려한', '신선한']"
12203,부산시민공원,"군부대와 공원. 정반대에 놓여있는 느낌의 두 단어다. 하지만 군부대가 공원으로 다시 태어난 곳이 있으니, 바로 부산시민공원이다. 광복 후 미군 하야리아 부대로 이 땅이 불린지 70여 년 만에 부산시민의 따뜻한 쉼터로 돌아온 부산시민공원을 둘러본다.
먼저 눈에 들어오는 건 분수와 함께 있는 도심 백사장. 공원 안에 백사장이라니, 참 부산스럽기도 하다. 백사장 한가운데 모래놀이 삼매경에 빠진 아빠와 두 아들의 모습이 정겹다. 입가에 미소를 드리운 채 연못을 가로지르는 나무다리를 걷는다. 고개를 드니 초록이 가득한 공원의 전경이 더욱 푸르다.",연중무휴,35.16841,129.05739,부산광역시 부산진구 시민공원로 73,0,051-850-6000,공원,부전역 2번 출구에서935m,4.3,https://www.visitbusan.net/uploadImgs/files/cntnts/20191227194942971_ttiel,49,"['재미있는', '화려한', '편안한', '옛모습', '평화로운', '음악분수', '바닥분수', '시민공원', '도서관', '산책', '가족나들이', '피크닉', '데이트', '휴식', '나들이']"
12204,호천마을,"부산의 특색 중 하나로 산복도로가 꼽히고, 그 중 가장 유명한 곳을 꼽자면 감천문화마을이 있다. 그리고 또 떠오른 산복도로 마을이 있으니 바로 드라마 ‘쌈마이웨이’ 촬영지로 알려진 호천마을이다. 옛날에는 산세가 험해 호랑이가 자주 나타나서 붙은 이름인 호천마을. 호랑이가 사라진 산비탈엔 옹기종기 집들이 들어서고 오렌지색 따뜻한 가로등이 골목골목을 비춘다.
호천마을은 멋진 야경이 낭만적인 ‘야경 맛집’ 이다. 그러니 시간을 택할 수 있다면 저녁 시간에 찾아보는 것이 좋겠다. 또 산복도로마을이라서 걸어서 올라간다면, 두 다리를 믿은 자신을 탓하게 될 테니, 마을버스 혹은 택시를 타고 올라간 후 아래로 내려가면서 산복도로 경치와 골목골목을 감상하는 게 좋겠다.",연중무휴,35.144295,129.05106,부산광역시 부산진구 엄광로 491,0,,즐길거리,,4.44,https://www.visitbusan.net/uploadImgs/files/cntnts/20191227202219554_ttiel,9,"['복합문화공간', '야경', '촬영지', '드라이브', '데이트']"
12205,봉래산,"봉황이 내려온다는 산 이름이 너무 거창하다고? 봉래산에 올라 마침내 그 풍광을 가지는 순간 이름에 대한 의구심은 사라진다.
울퉁불퉁 바위 사이 가파른 경사를 오르기도 하고, 스멀스멀 물안개를 헤치며 둘레길을 걷기도 한다. 조내기 고구마가 영도의 특산물임을 알려주는 역사공원에도 한번 들러본다.
산허리에 걸린 구름을 지나쳐 투덜투덜 정상에 오르면 과연 여기에 봉황이 노닐었겠구나 싶은 전경이 펼쳐진다. 쉴 새 없이 삐죽거리던 입이 쏙 들어간다. 어느 방향이든 드넓은 바다 조망과 도심 전경을 동시에 선사하는 봉래산 정상에 참 잘 왔다.",연중무휴,35.08219,129.05524,부산광역시 영도구 신선동3가 산3,0,051-419-4041,산,,4.5,https://www.visitbusan.net/uploadImgs/files/cntnts/20191227202829011_ttiel,10,"['깨끗한', '화려한', '편안한', '햇살좋은', '평화로운', '공원', '둘레길', '전망대', '일몰', '야경', '경치', '산행', '드라이브', '등산', '야간산행']"
12206,영화의 거리,"슬레이트는 이미 준비됐다. 신(scene) 넘버 원 영화의 거리 ‘레디~~ 액션!’
천만관객을 이끈 많은 영화들이 부산에서 촬영한 거라고? 어떤 영화들이 있을까? 영화의 거리에서 정답 확인!
‘넌 감독이고 난 배우야’ 배우놀이도 잠깐 해볼까.
배우가 자기 자신을 온전히 버리고 영화 속 캐릭터를 완벽하게 소화하는 것을 상상해보면 그 치밀함에 대해 새삼 놀라게 된다.
세계 영웅 스파이더맨도 해운대에 와 있다. 악당으로부터 시민을 지키지 위해 오늘도 열일하고 있는 스파이더맨과 함께 사진 한 장은 남겨야지!
시원하게 트인 해운대 바다를 바로 옆에 두고 영화 캐릭터와 함께하는 나른한 오후.
이것이 바로 소소하지만 확실한 행복이 아닐까.",연중무휴,35.154633,129.14278,부산광역시 해운대구 마린시티1로 91,0,,즐길거리,,2.77,https://www.visitbusan.net/uploadImgs/files/cntnts/20191227203859552_ttiel,13,"['문화거리', '야경', '산책', '평화로운', '노을']"
12207,APEC나루공원,"변화 없는 일상이 지루할 때, 혹은 변화무쌍한 매일이 지칠 때.
책 한권 달랑 들고 조용한 APEC나루공원으로 간다. 수영강변 따라 뻗어 있는 도심 속 작은 공원이지만 책을 읽을 수 있는 테이블도 있고, 산책로, 조깅코스, 조각공원까지 갖춘 내실탄탄한 공원이다.
나무그늘 아래 한 자리, 강바람 느끼며 책장을 넘길 수 있는 여유를 맘껏 즐긴다. 독서가 체질이 아닌가? 그럼 살랑살랑 산책은 어떨까. 따릉따릉 자전거 타고 공원을 누비는 것도 이곳에서 찾을 수 있는 평화로운 광경이다.
부산 도심 속 소확행은 APEC나루공원에서 이루어진다.",연중무휴,35.170307,129.12564,부산광역시 해운대구 수영강변대로 93,0,051-749-4000,공원,센텀시티역 12번 출구에서837m,4.23,https://www.visitbusan.net/uploadImgs/files/cntnts/20191227204420832_ttiel,39,"['활기찬', '조그마한', '화려한', '햇살좋은', '평화로운', '야경', '공원', '스케이트보드', '산책', '오리배', '피크닉', '경치', '드라이브', '휴식', '나들이']"
12208,40계단,"정든 산천 떠나와 40계단 층층대에 앉아 울던 나그네는 어떻게 되었을까.
고향 길이 열리기만 사무치게 기다리던 모든 피난민의 삶의 터전, 그들이 남긴 삶의 애환을 느끼며 40계단을 걸어보자.

부산 도시철도 1호선 중앙역에서 그리 멀지 않은 곳에 40계단이 있다. 피난시절, 구 부산역사가 근방에 위치해 있었던 탓에 전국에서 모여든 이들의 삶의 중심지는 자연스레 40계단 근처가 되었다. 40계단은 부산항 부두에서 고지대 판자촌으로 이어지는 길목 역할을 하는 곳이었으나, 전쟁 중 헤어진 가족들의 상봉 장소이자 구호물품을 사고파는 장터이기도 했다. 지나는 말로, ‘부산에 도착하면 40계단에서 만나자’라는 말만 믿고 몇 달이고 계단 근처만 맴돌던 이도 있을 정도였다. 고된 피난살이의 애환이 스며있는 곳으로 당시 부산역 주변에 흩어져 살던 대다수 피난민들의 생생한 삶의 현장이었다.","연중무휴
40계단 문화관 : 매주 월요일, 국경일, 명절",35.104343,129.03534,부산광역시 중구 동광길49,0,051-600-4046,즐길거리,,3.25,https://www.visitbusan.net/uploadImgs/files/cntnts/20191229141716592_ttiel,4,"['분위기있는', '아담한', '재미있는', '화려한', '친절한', '책방골목', '시장', '프리마켓', '박물관', '공원', '숨은', '비오는날', '데이트', '휴식', '촬영지']"
12209,감천문화마을,"하늘에 금방이라도 닿을 것만 같은 형형색색의 지붕, 
마을 전체를 덮고 있는 따뜻한 분위기. 
질서정연하게 늘어선 계단식 마을이 독특한 아름다움을 선사하는 감천문화마을이다. 
지금은 이렇듯 아름다운 풍경을 자랑하는 곳이지만 그 기원은 부산의 아픈 역사와 맞닿아 있다. 한국전쟁 당시 감천마을까지 오게 된 피란민들이 머물 곳이 없어 산비탈을 개간한 것이 그 시작이었다. 2009년 마을미술프로젝트에 선정되면서 학생과 작가, 주민들이 합심해 마을을 꾸몄고, 이후 부산의 대표 관광명소로 거듭나게 되었다. ",연중무휴,35.095787,129.00926,부산광역시 사하구 감내2로 203,0,051-204-1444,즐길거리,토성역 8번 출구에서1125m,4.2,https://www.visitbusan.net/uploadImgs/files/cntnts/20191229142305006_ttiel,170,"['재미있는', '이국적', '아기자기', '화려한', '옛모습', '씨앗호떡', '시장', '벽화마을', '책방골목', '느린우체통', '스템프투어', '경치', '데이트', '등산', '기차여행']"
12210,다대포 해수욕장,"낙동강과 남해안이 만나 양질의 모래밭을 만든 곳, 일출과 일몰 조망지로 부산 최고인 곳, 다대포해수욕장은 자연이 주는 황홀경을 맘껏 즐길 수 있는 기분 좋은 장소이다.
다대포해수욕장의 희고 고운 모래는 오랜 풍화작용 덕에 매우 부드러운 것이 특징이다. 모래사장을 거닐 때 발가락 사이로 흘러내리는 모래알의 색다른 감촉이 상쾌한 기분을 만들어주는 것도 이 때문이다. 또한, 다대포해수욕장은 수심이 얕고 수온이 차지 않아 아이들이 놀기에 적격이다. 백사장 여기 저기 주차된 장난감 포크레인과 트럭이 알록달록 색을 발하는 모습이 귀엽다. 최근에는 패들보드나 카이트보딩 등 해양스포츠를 즐기는 사람들로 사시사철 활기가 넘치는 곳이다.

** 코로나19의 여파로 다대포낙조분수의 이용제한이 있을 수 있으니 사전에 홈페이지 안내사항을 꼭 확인해 주세요.","다대포해수욕장 : 연중무휴
낙조분수: 월요일",35.04652,128.96283,부산광역시 사하구 몰운대1길 14,0,051-220-4161,해변,다대포해수욕장역 4번 출구에서143m,4.57,https://www.visitbusan.net/uploadImgs/files/cntnts/20191229143230630_ttiel,103,"['재미있는', '분위기있는', '깨끗한', '화려한', '평화로운', '음악분수', '공원', '해변', '일몰', '워터파크', '갯벌체험', '경치', '가족나들이', '드라이브', '데이트']"
12211,"부산영화체험박물관, 트릭아이뮤지엄부산","영화의 도시 부산에 ‘봄’이 왔다.
봄(BOM)은 Busan museum Of Movies의 줄임말로 영화의 모든 것을 보고, 느끼고, 즐기는 영화관련 전문체험관이다.
매년 부산국제영화제가 개최되고 영화촬영지로서 최적의 조건을 갖춘 도시 부산에, 영화제작에 관련된 다양한 체험콘텐츠를 즐길 수 있는 공간이 생긴 것이다.
부산영화체험박물관은 한국 영화산업의 역사와 발전과정을 재미있게 이해할 수 있도록 다양한 테마 체험관으로 구분되어 있다.

** 코로나19의 여파로 부산영화체험박물관은 이용제한이 있을 수 있으니 사전에 홈페이지 안내사항을 꼭 확인해 주세요.","매주 월요일, 신정?설날?추석 당일",35.101692,129.0337,부산광역시 중구 대청로126번길 12,0,"051-715-4200 
",박물관,,0,https://www.visitbusan.net/uploadImgs/files/cntnts/20191229144834500_ttiel,0,"['재미있는', '놀이동산', '박물관', '극장', '영화관', '키즈카페', '나들이', '데이트', '체험관', '직업체험', '촬영지']"
12212,용두산공원,"용두산공원이 거기 있기 때문에 부산으로 간다?
맞다. 요즘은 용두산공원이 부산여행의 이유가 되었다.
부산 동부권역에 명소 해운대가 있다면 중부권에는 역시 남포동이 최고의 핫플레이스, 그 중 용두산공원은 부산을 찾는 이들이 빼놓지 않고 찾는 부산 대표 랜드마크다.
용두산공원에 이르는 길은 오르막이긴 하지만 시원한 그늘을 만들어 주는 나무가 드리워져 길을 따라 천천히 오르다보면 어느새 공원 입구에 다다르게 된다. 도시철도를 이용한 도보여행객은 역에서 가까운 에스컬레이터 입구를 이용하면 더욱 편리하게 공원을 만날 수 있다.

** 코로나19의 여파로 부산타워는 이용제한이 있을 수 있으니 사전에 홈페이지 안내사항을 꼭 확인해 주세요.",연중무휴(부산타워는 기상 등의 이유로 변경될 수 있음),35.100723,129.03264,부산광역시 중구 용두산길 37-55,0,051-860-7820 ,공원,중앙역 1번 출구에서376m,4.41,https://www.visitbusan.net/uploadImgs/files/cntnts/20191229145728609_ttiel,54,"['재미있는', '화려한', '편안한', '옛모습', '아기자기', '공원', '시장', '전망대', '야경', '씨앗호떡', '가족여행', '경치', '데이트', '등산', '기차여행']"
12213,영도대교,"영도다리 난간에 수없이 펄럭이던 저마다의 사연은 사라진지 오래되었지만 아직도 그 시절을 떠올리면 눈가가 젖어오는 사람들.
전쟁통에 가족과 생이별할 때 무조건 살아남아 영도다리에서 꼭 만나자고 눈물로 약속했던 공간.
영도대교라고 쓰고 영도다리라고 읽는다.
영도대교는 중구와 영도구를 연결하는 다리로, 일제 강점기에 지어졌다. 일제는 물자수탈의 기지 역할을 했던 부산항과 그 앞에 있던 섬 영도를 연결하는 다리를 건설했다. 1934년, 부산 최초의 연륙교이자 도개교가 개통되던 날 영도대교 앞에는 전국에서 몰려든 구경인파로 발 디딜 틈이 없었다고 한다. 다리 상판 한쪽을 들어 올려 배가 지나다닐 수 있게 만든 영도대교는 영도다리라는 이름으로 불리며 세 살 애기들도 다 아는 전국적인 명물이 되었다.",연중무휴,35.095295,129.03656,부산광역시 영도구 태종로 46,0,1670-8114,즐길거리,,4.73,https://www.visitbusan.net/uploadImgs/files/cntnts/20191229150331682_ttiel,11,"['대교', '드라이브']"
12214,"중앙공원, 민주공원","혼란스러운 역사의 중심에서 나라를 구하기 위해, 또 민주주의를 수호하기 위해, 끊임없이 저항한 위대한 부산시민의 넋. 호국용사와 민주영령의 살아있는 정신이 고스란히 전해지는 이곳은 중앙공원/민주공원이다.

옛 대청공원과 대신공원이 합쳐져 중앙공원으로 이름이 변경된 이후 시민광장과 조각동산 등을 조성하였다. 1999년 10월 16일 민주공원이 개관했다. 민주공원은 민주항쟁기념관을 중심으로 일제강점기 항일투쟁으로부터 4.19혁명, 부마민주항쟁, 6.10민주항쟁 등으로 이어 내려오는 부산 시민의 민주주의 정신을 상징하는 공간이다. 
","중앙공원?민주공원?충혼탑 연중무휴
민주항쟁기념관 매주 월요일, 1월 1일, 설날?추석 당일",35.112125,129.02792,"중앙공원 부산광역시 서구 망양로 193번길 187
민주공원 부산광역시시 중구 민주공원길 19",0,051-860-7800,공원,,1,https://www.visitbusan.net/uploadImgs/files/cntnts/20191229150845004_ttiel,1,"['깨끗한', '야경', '공원', '도서관', '산책', '모노레일', '나들이', '경치', '드라이브', '등산', '휴식']"
12215,황령산 전망쉼터,"부산의 4개 구에 걸쳐 자리한 황령산, 도심을 감싸며 시원하게 뻗어 내린 산맥이 초록의 울창한 숲을 선물처럼 내어준다. 숲길 걷기 좋아하는 등산객들에겐 숲과 바람과 하늘을 내어주고, 야경을 즐기는 관광객들에겐 황홀한 빛의 세계를 선사해 주는 곳, 황령산 전망쉼터를 소개한다.
황령산은 부산 중심부에 넓게 자리하고 있어 정상으로 오르는 길이 다양하다. 자신의 위치에서 가장 가까운 길을 선택하면 된다. 가벼운 등산복 차림으로 등산로를 접어들어 2~3시간 정도면 봉수대가 있는 정상에 도달할 수 있다.",명절 당일,35.158115,129.08269,부산 남구 황령산로 391-39,0,070-7543-5249,전망대,,4.01,https://www.visitbusan.net/uploadImgs/files/cntnts/20191229151710512_ttiel,73,"['화려한', '일몰', '전망대', '일출', '야경', '요트', '힐링', '경치', '데이트', '드라이브', '등산']"
12216,F1963,"누구나 ‘나만 알고 싶은 공간’을 가지고 있기 마련이다. 그러나 이번만큼은 수영구의 숨겨진 아지트를 공개해도 좋겠다. 복합문화공간 F1963을 소개한다.

F1963은 공장을 뜻하는 Factory의 앞 글자 ‘F’와 고려제강이 처음 공장을 지은 해인 1963년에서 숫자 ‘1963’을 가져와 만들어진 이름이다. 2008년까지 운영되었던 와이어 생산 공장을 이전하고 비어있는 부지를 복합문화공간으로 탈바꿈시킨 공간이다.
F1963 내부에는 다양한 볼거리와 즐길 거리가 있다. 큰 규모를 자랑하는 중고서점 내부는 방문객의 감성을 자극하는 인테리어가 돋보인다. 중고서적뿐만 아니라 아기자기 예쁜 소품이나 잡화를 함께 전시해 둔 덕에 물품을 구경하는 사람들로 북적북적하다.",연중무휴,35.176933,129.11496,부산 수영구 구락로123번길 20,0,051-756-1963,즐길거리,망미역 2번 출구에서1013m,4.39,https://www.visitbusan.net/uploadImgs/files/cntnts/20191229152254942_ttiel,71,"['카페', '핫플레이스', '서점', '산책로', '재미있는']"
12217,해운대,"부산하면 가장 먼저 떠오르는 것, 바다! 그중에서도 부산 바다의 정석으로 불리는 곳은 단연 해운대해수욕장이다. 여름은 물론이요, 사시사철 부산을 찾는 관광객들의 발걸음이 한 번쯤은 머무르다 가는 곳, 해운대 해수욕장은 다른 어떤 곳보다 다이내믹한 부산의 분위기를 느낄 수 있는 장소다.
해운대 해수욕장은 당연히 여름이라는 계절을 언급하지 않고는 이야기할 수 없는 곳이기도 하다. 여름이면 천 만 명이 넘는 피서객들이 이곳을 찾기 때문이다. 1.5km 길이의 백사장을 중심으로 오락시설과 부대시설이 잘 갖춰져 있어, 국적과 나이를 불문하고 수많은 이들을 만족시켜주고 있다. 해수욕과 태닝을 즐기려는 외국인부터 휴가를 보내기 위해 모여드는 피서객까지 여름의 해운대는 전국적인 핫플레이스가 된다.",연중무휴,35.158474,129.15987,부산광역시 해운대구 해운대해변로 264,0,051-749-7611,해변,해운대역 7번 출구에서724m,4.46,https://www.visitbusan.net/uploadImgs/files/cntnts/20191229153530528_ttiel,214,"['재미있는', '낭만적인', '이국적', '화려한', '깨끗한', '밤바다', '아쿠아리움', '철길', '돼지국밥', '야경', '가족여행', '경치', '커플여행', '드라이브', '기차여행']"
12218,광안리 해수욕장,"광안대교라는 랜드마크와 함께 부산을 대표하는 해수욕장 중 하나로 꼽히는 광안리 해수욕장. 도심과 가장 가까운 해변이자 부산 젊은이들의 성지라 할 수 있다.
광안리 해변을 따라 조성된 해변 테마거리는 광안리의 자랑이다. 이 거리는 부산시민들이 사랑하는 휴식처 중 하나이기도 하다. 반려견과 함께 바닷가를 산책하기도 하고 자전거를 즐기는 이들도 이곳을 찾는다. 해수욕장이 개장하는 여름이면 곳곳에서 공연이 열리기도 한다.
최근의 광안리 해수욕장은 다양한 해양스포츠를 즐길 수 있는 환경이 조성되어 많은 이들에게 사랑을 받고 있다. 모터보트, 바나나보트, 밴드웨건을 비롯해 패들보드와 윈드서핑 강습까지 원하는 해양스포츠를 골라서 체험할 수 있으니 바다를 제대로 즐기고 싶은 이들에게는 더 없이 좋은 공간이기도 하다.
",연중무휴,35.15318,129.11887,부산광역시 수영구 광안해변로 219,0,051-622-4251,해변,금련산역 1번 출구에서449m,4.42,https://www.visitbusan.net/uploadImgs/files/cntnts/20191229160529389_ttiel,240,"['재미있는', '분위기좋은', '이국적', '화려한', '깨끗한', '수변공원', '해변', '횟집', '야경', '밤바다', '가을축제', '경치', '드라이브', '비오는날', '기차여행']"
12219,금정산,"서울에 북한산이 있다면 부산에는 금정산이 있다. 
이 산은 부산 금정구에서 북구 그리고 경남 양산시까지 넓은 지역에 걸쳐 있다. 그렇다 보니 부산 도심은 물론이고 외곽 지역에서도 쉽게 접근이 가능하다. 워낙 넓게 자리 잡은 산이기에 들머리와 전혀 다른 곳으로 날머리를 잡게 되는 경우도 많다. 한국에서 가장 긴 산성인 금정산성과 영남 3대 사찰로 꼽히는 범어사를 품고 있는 금정산으로 떠나보자.",연중무휴,35.280136,129.0512,부산광역시 금정구 금성동,0,,산,,0,https://www.visitbusan.net/uploadImgs/files/cntnts/20191230180640227_ttiel,0,"['호젓한', '깨끗한', '화려한', '편안한', '웅장한', '막걸리', '공원', '둘레길', '국수집', '계곡', '경치', '산행', '등산', '단풍구경', '휴식']"
12220,금강공원/식물원,"부산시민공원이 생기기 전, 부산에서 가장 유명한 공원은 바로 이곳이었다. 모든 부산 사람의 기억에 자리 잡고 있는 금강공원과 금강식물원이다.

일본 상인이 금정산자락의 일부를 자신의 개인 정원으로 꾸며 만든 이곳이 광복 후 공원으로 지정되면서 ‘금강공원’이라는 이름을 갖게 됐다. ‘금강’이라는 이름은 금정산의 수려함이 금강산에 버금간다 하여 ‘소금강’이라고 불렸는데, 여기서 따온 이름이다.
금강공원은 도심 속에 위치해있고 울창한 숲과 기암괴석의 조화가 아름다운 공원이다. 금강공원을 찾는 사람들이 가장 좋아하는 코스는 공원 전체를 한 바퀴 돌아보는 산책로. 적당한 오르막과 내리막을 내어주는 산책로는 ‘등산은 싫지만 숲길은 걷고 싶다’는 사람에게 딱 알맞은 코스다.",연중무휴,35.22047,129.07494,부산 동래구 우장춘로 155,0,051-860-7880,산림,,4,https://www.visitbusan.net/uploadImgs/files/cntnts/20191230181126685_ttiel,2,"['조그마한', '분위기있는', '아담한', '운치있는', '깨끗한', '수목원', '공원', '박물관', '식물원', '산책', '나들이', '데이트', '힐링', '등산', '봄꽃']"
12221,범어사,"부산 금정구 범어사는 해인사, 통도사와 함께 영남의 3대 사찰로 꼽힌다. 
신라 문무왕 때 건축됐으며 역사적으로도 많은 고승을 배출한 수행사찰로 유명하다. 특히 아름다운 계곡과 빼어난 산세를 자랑하는 금정산 자락에 위치해 사시사철 많은 사람들의 발걸음이 끊이질 않는다.
범어사 입구로 들어서면 당간지주와 하마석이 가장 먼저 눈에 들어온다. 1,300년 동안 한자리를 지킨 당간지주는 절을 지키는 수호신처럼 당당한 모습이다. 또 하마석은 조선 후기 관리들의 공물 요구에 괴로워했던 승려들의 고충을 죽어서라도 해결하고자 한 마음이 깃든 석상이라고 한다. 하마석은 서원이나 유명 종택 앞에 가면 흔히 볼 수 있는데, 사찰에 있는 건 매우 드문 경우다.",연중무휴,35.283646,129.06854,부산광역시 금정구 범어사로 250,0,051-508-3122,종교적인 장소,,0,https://www.visitbusan.net/uploadImgs/files/cntnts/20191230190101989_ttiel,0,"['사찰', '나들이', '산책로', '벚꽃나들이', '자연']"
12222,동래읍성,"동래라는 이름은 역사가 깊은 이름이다. 본디 조선시대까지만 해도 동래의 일부가 부산이었지만, 일제강점기를 거치며 입장이 바뀌어버렸다. 일제강점기가 없었다면 ‘동래광역시 부산구’ 가 되었을지도 모른다. 과거 부산 그 자체였던 동래를 감싸고 있던 동래읍성으로 떠나본다.
동래구 자체가 관광지라기보다는 주거단지가 모여 있는 곳이라 동래읍성 역시 관광지처럼 시끌벅적하기보다는 조용히 여유와 자연을 즐길 수 있는 곳이다.",연중무휴,35.20975,129.08997,"부산광역시 동래구 명륜, 복천, 칠산, 명장, 안락동 일대",0,051-550-6634,즐길거리,명륜역 2번 출구에서1384m,4.5,https://www.visitbusan.net/uploadImgs/files/cntnts/20191230194923757_ttiel,7,"['웅장한', '평화로운', '편안한', '옛모습', '청량한', '공원', '유적지', '박물관', '산책', '성곽', '나들이', '경치', '데이트', '등산', '휴식']"
12223,상해거리,"부산 상해거리는 동구 초량동에 위치한 중국인 최대 거주지역이다.
일제강점기를 지나면서 중국인들이 하나둘 이주해 형성되기 시작한 거리인데 과거 중국 영사관이 있기도 했다. 상해거리는 지난 2007년 국내 유일의 차이나타운특구로 지정된 바 있다.
이 거리는 최근 화교들이 운영하는 중식당과 만두집 등이 SNS를 통해 알려지면서 국내외 여행자들이 모여드는 명소로 자리 잡아 나가고 있는데, 부산 차이나타운특구 문화축제가 매년 이곳에서 개최된다.",연중무휴,35.113808,129.03786,"부산 동구 중앙대로179번길 11
",0,,즐길거리,,2.33,https://www.visitbusan.net/uploadImgs/files/cntnts/20191230203235198_ttiel,3,"['골목', '거리', '만두', '중국집', '양꼬치']"
12224,이중섭문화거리,"그림 밖에 몰랐던 천재화가 이중섭이 전쟁의 포화를 피해 부산으로 피난 와 정착한 곳. 허름한 판잣집이 다닥다닥 붙어 있던 범일동 산비탈에서도 그림에 대한 열정은 계속되었다.
이중섭 전망대에 서서 빼곡히 들어선 주택가를 내려다보며 호락호락하지 않았을 그의 삶을 잠시 상상해본다.
전망대 옆 희망의 100계단은 아내를 향한 그리움이 그의 작품과 함께 전시된 계단갤러리다. 휴식공간과 겸하고 있는 야외갤러리에서는 그 유명한 작품 ‘소’를 역동적인 조형물로 만날 수 있다. 이중섭 문화거리 곳곳, 작은 모퉁이에서도 그의 작품은 빛나고 있다.",연중무휴,35.14069,129.05289,부산광역시 동구 증산로 168,0,010-6371-0073,즐길거리,,4.29,https://www.visitbusan.net/uploadImgs/files/cntnts/20191230205059771_ttiel,7,"['재미있는', '분위기좋은', '작은공간', '아기자기', '이국적', '미술관', '시장', '프리마켓', '공방', '플리마켓', '가족여행', '싱싱한', '커플여행', '힐링', '나들이']"
12225,"복천박물관, 복천동고분군","복천동의 오래된 주택가 재개발 지역에서 그보다 훨씬 더 오래된 가야시대 무덤 40기가 발견되었다. 도굴의 흔적이 없는 완벽한 가야 왕국의 고분으로 금동관, 토기, 갑옷, 투구 등 수많은 유물이 출토되었다. 가야의 뛰어난 철기문화를 알려주는 유물과 다양한 무덤의 형태가 복천박물관에 전시되어 있다.","월요일, 1월 1일",35.208885,129.09116,부산광역시 동래구 복천로 63,0,051-554-4263,역사박물관,,0,https://www.visitbusan.net/uploadImgs/files/cntnts/20191230205640434_ttiel,0,"['아늑한', '화려한', '쾌적한', '운치있는', '공원', '유적지', '박물관', '산책', '야경', '나들이', '경치', '데이트', '유물', '등산']"
12226,벡스코,부산에서 제법 규모가 있는 행사나 박람회는 모두 이곳에서 열린다. 바로 국제적인 규모를 자랑하는 전시컨벤션센터 벡스코(BEXCO)다. 체험 형태의 전시 뿐 아니라 다양한 문화공연과 행사가 365일 펼쳐지는 곳이다. 전체 행사일정을 미리 확인하여 사전등록을 신청하면 관람료가 무료이거나 훨씬 저렴해진다.,연중무휴,35.169247,129.13628,부산광역시 해운대구 APEC로 55,0,051-740-7300,즐길거리,동해벡스코역 9번 출구에서31m,3.82,https://www.visitbusan.net/uploadImgs/files/cntnts/20191230210019945_ttiel,31,"['재미있는', '화려한', '편안한', '신비한', '세련된', '시장', '워터파크', '콘서트', '디저트', '박람회', '주말나들이', '한복체험', '동물체험', '등산', '직업체험']"
12227,영화의 전당,"아시아를 넘어 세계적으로 인정받는 부산국제영화제, 부산이 영화의 도시라 불리는 가장 큰 이유다. 그리고 또 하나, 빅루프의 LED조명과 함께 부산의 랜드마크가 된 영화의 전당이 있다. 영화제 기간에는 개?폐막식 등 중요 행사가 진행되고, 평상시에는 영화와 공연을 즐길 수 있는 복합문화공간이 된다. 저렴한 관람료에 최고의 영상과 음향을 자랑한다.

** 코로나19의 여파로 영화의전당은 이용제한이 있을 수 있으니 사전에 홈페이지 안내사항을 꼭 확인해 주세요.",연중무휴,35.171055,129.12703,부산광역시 해운대구 수영강변대로 120,0,051-780-6000,즐길거리,센텀시티역 6번 출구에서523m,4.56,https://www.visitbusan.net/uploadImgs/files/cntnts/20191230210358362_ttiel,67,"['영화', '공연', '행사', '전시', '대관']"
12228,장안사,"1,300여 년이 넘는 시간동안 불광산 자락을 조화롭게 지키고 있는 장안사는 해골물 일화로 유명한 원효대사가 창건했다고 전해진다. 뒤로는 불광산을, 앞으로는 장안사 계곡을 품고 있는 장안사는 자연 경관은 물론 사찰 내부의 아름다운 조화가 매력인 곳이다.

장안사는 계절에 따라 다른 매력을 느낄 수 있는 사찰이다. 장안사를 감싸고 있는 불광산이 계절에 따라 색을 바꾸고, 이때 마다 장안사는 새로운 빛깔로 물들며 사시사철 다른 이야기를 전해주는 것만 같다.",연중무휴,35.374046,129.23288,부산광역시 기장군 장안읍 장안로 482,0,051-727-2393,종교적인 장소,,3.67,https://www.visitbusan.net/uploadImgs/files/cntnts/20191231091948765_ttiel,9,"['산책', '사찰', '조용한', '평온한', '나들이']"
12229,백양산,"부산의 사상구, 북구, 부산진구를 아우르는 백양산은 부산의 많은 산들 중 유독 등산객들이 사랑하는 곳이다. 어디를 가도 코스가 잘 정비돼 있어 등산뿐만 아니라 산악자전거나 산악오토바이를 즐기는 이들에게도 인기다. 크게는 어린이대공원 입구를 시작으로 성지곡수원지를 지나 정상으로 올라가는 코스와 선암사에서 출발해 정상으로 가는 코스가 대표적이다.

산을 좋아하는 이들이 더욱 사랑하는 백양산.
부산에서 만날 수 있는 아름다운 풍경과 산이 주는 기쁨을 누리기에 더없이 좋은 곳이다.


",연중무휴,35.182827,129.02196,부산광역시 부산진구 당감동,0,051-605-4091,산,,5,https://www.visitbusan.net/uploadImgs/files/cntnts/20191231092729834_ttiel,11,"['소박한', '운치있는', '화려한', '편안한', '웅장한', '공원', '둘레길', '전망대', '야경', '철쭉', '경치', '산행', '드라이브', '등산', '휴식']"
12230,성지곡수원지,"울창한 나무숲, 고즈넉한 호수, 그리고 피톤치드 가득한 산책로까지.
부산 어린이대공원 안에 위치한 성지곡수원지는 부산 시민이라면 누구나 추억 한 자락 간직하지 않은 이가 없을 정도로 예전부터 시민들의 사랑을 받아왔다. 고요한 수원지 주변은 누구에게나 마음의 평온을 주는 종합선물세트 같은 장소다.
성지곡수원지로 가는 숲길은 삼나무, 편백나무, 전나무 등 수림이 우거져 있고 경사가 가파르지 않아 사계절 자연을 즐기기며 산책하기 더 없이 좋은 환경이다.


",연중무휴,35.187065,129.04105,부산 부산진구 새싹로 295,0,051-860-7848,산책로,,4.69,https://www.visitbusan.net/uploadImgs/files/cntnts/20191231100856743_ttiel,8,"['숲', '고즈넉한', '산책로', '깨끗한', '평화로운']"
12231,장산,"부산의 도심에서 남해 바다를 내려다보며 우뚝 솟아 있는 장산은 그 범위가 넓어 다양한 등산 코스가 만들어져 있다. 해운대 마린시티와 광안대교를 조망하며 장산 정상으로 오르는 약 3시간의 나들이를 즐겨보자.
대천공원은 가장 많은 사람들이 장산 등산의 출발점으로 잡는 곳이다. 대천공원에서 계곡으로 향하는 초입은 잘 조성된 평지 길이라 가벼운 마음으로 등산을 시작한다.

",연중무휴,35.193577,129.14497,부산광역시 해운대구 좌동 1390(대천공원),0,,산,,4.54,https://www.visitbusan.net/uploadImgs/files/cntnts/20191231101745599_ttiel,26,"['활기찬', '조그마한', '깨끗한', '화려한', '편안한', '전망대', '계곡', '억새밭', '야경', '공원', '경치', '산행', '데이트', '등산', '휴식']"
12232,석불사,"부산이 간직한 많은 풍경 중에서도 금정산에서 백양산으로 이어지는 능선의 절경은 무척이나 아름답다. 그리고 그 가운데 100미터가 넘는 암벽에 둘러싸여있는 고즈넉한 사찰, 석불사가 있다.
석불사는 그 이름에서 짐작할 수 있듯, 암석을 깎아 조성된 석불들이 특징인 사찰이다.
승려 조일현이 1930년대에 지은 사찰로, 범어사의 말사이자 비교적 길지 않은 역사를 가지고 있지만 뛰어난 경치 덕에 많은 이들이 찾는 곳으로 유명해졌다.",연중무휴,35.221504,129.04861,부산광역시 북구 만덕고개길 143-79,0,051-332-1690,종교적인 장소,,4.5,https://www.visitbusan.net/uploadImgs/files/cntnts/20191231102223413_ttiel,8,"['사찰', '고즈넉한', '숲', '자연', '평화로운']"
12233,회동수원지,"회동수원지는 면적이 큰 만큼 강과 호수, 숲이 어우러진 명품 산책로를 간직하고 있다. 사람들의 발길이 오랜 시간 머물지 않아 자연 그대로를 담고 있는 곳으로 땅뫼산 황토숲길, 편백나무숲, 갈맷길 등 도심 속 숲길 산책을 즐기고 싶은 시민들의 힐링 명소로 사랑 받고 있다.
숲과 호수를 즐기며 편안하게 걸을 수 있는 회동수원지 산책길은 크게 서쪽 구간과 동쪽 구간으로 구분 할 수 있다. 회동댐에서 숲체험장을 지나 편백나무숲, 오륜대전망대, 상현마을까지 이어지는 서쪽 구간과 회동동 버스종점부터 동대교, 보덕문, 진명교, 쉼터 겸 전망대, 선동교 까지 연결되는 동쪽구간이다. 회동수원지 전체 산책로의 거리는 약 20Km로 원점 회귀 완주하려면 5시간은 족히 걸리는 거리이기 때문에 초행길이라면 수원지를 따라 조성되어 있는 평탄한 서쪽 구간 둘레길을 추천한다.",연중무휴,35.259056,129.11096,부산광역시 금정구 수원지로,0,051-519-4081,산책로,,3.67,https://www.visitbusan.net/uploadImgs/files/cntnts/20191231105906594_ttiel,6,"['둘레길', '산책', '숲', '자연', '경치좋은']"
12234,"동래향교, 기장향교","향교는 조선시대 지방 교육기관으로 중국과 조선 유학자들의 위패를 모시고 유학을 가르친 곳이다. 당시 각 지방 향교는 조선의 교육 기관으로 중추적 역할을 담당하며 인재를 양성해 왔다.

부산 동래에는 동래향교가 남아 있다. 경국대전에 의하면 동래향교에는 교수 1명과 70여 명의 학생이 있었다고 한다. 동래향교의 시작은 반화루부터다. 반화루는 동래향교를 지키는 누각이자 향교 내 문 가운데 가장 높은 위계를 자랑한다. 조선 후기 향교 문루의 건축적 특징을 잘 보여주고 있으며, 보존 상태가 양호해 학술적으로도 큰 가치를 자랑한다. 우입좌출이라 해 들어갈 때는 오른쪽, 나올 때는 왼쪽 문을 이용하는 게 예법이다.",연중무휴,35.207752,129.0841,"부산광역시 동래구 동래로 103(동래향교)
부산광역시 기장군 기장읍 차성로417번길 35(기장향교)",0,051-552-4160,역사박물관,,0,https://www.visitbusan.net/uploadImgs/files/cntnts/20191231111302355_ttiel,0,"['문화', '유적', '향교', '평화로운', '건축']"
12235,승학산 억새평원,"가을이 되면 하얀 억새군락이 멋진 장관을 연출하는 승학산은 가을 트레킹의 필수 코스 중 하나다. 능선을 따라 드넓게 펼쳐진 승학산의 초원에는 햇빛을 받아 황금빛으로 하늘거리는 억새풀이 가득하다.
억새평원에서 가장 높은 곳은 시원하게 트인 전경을 선사하는 훌륭한 전망대다. 발밑으로 학이 날아오르는 듯 고운 능선의 승학산 자락과 넉넉한 억새평원이 보인다. 도심을 둘러싼 봉우리 사이사이 높게 솟아오른 건물, 그리고 긴 줄기를 굽이쳐 내린 낙동강과 잔잔한 남해가 만나는 지점이 한눈에 들어온다. 높고 푸른 하늘 아래 강과 바다는 반짝이고 바람은 상쾌하고 억새는 하늘거린다.
부산의 가을을 담은 최고의 장소 승학산 억새평원, 가만히 바라보는 것만으로도 마음에 위안이 되는 곳이다. 눈에 가득 담아온 한 컷의 평온함이 오래도록 가슴에 남을 듯하다.",연중무휴,35.116604,128.97968,부산광역시 사하구 당리동 산 45-1,0,051-220-4536,공원,,0,https://www.visitbusan.net/uploadImgs/files/cntnts/20191231181104098_ttiel,0,"['재미있는', '호젓한', '아담한', '깨끗한', '편안한', '공원', '억새', '전망대', '트래킹', '야경', '경치', '산행', '나들이', '등산', '휴식']"
12236,대룡마을,"바쁜 일상을 떠나 조용히 산책을 하고 싶은 날. 한적한 교외에 있는 대룡마을은 북적이는 도심에서 한 발 떨어져 여유와 낭만을 즐기기 딱 좋은 곳이다. 많은 문화 예술인들이 모여 예술을 꽃피우는 이곳에서는 톡톡 튀는 예술적 감각이 돋보이는 색다른 풍경을 만날 수 있다.
부산 기장에 자리 잡고 있는 대룡마을은 오랜 역사를 자랑한다. 마을 앞 개울에 큰 용이 살았다는 전설이 있어 이름 붙여진 대룡마을. 주민들이 벼농사, 채소재배 등으로 생업을 유지하다보니 발길 닿는 곳마다 잔잔한 목가적 풍경이 흐른다. 이 소박한 농촌마을에 대룡리 예술촌이 형성되면서 20~30대 젊은 예술가들이 모여 작품 활동을 하는 문화예술마을로 다시 탄생하였다.",연중무휴,35.371174,129.26433,부산광역시 기장군 장안읍 대룡1길 17,0,051-727-8758,즐길거리,,3,https://www.visitbusan.net/uploadImgs/files/cntnts/20191231184354051_ttiel,1,"['시골', '농촌', '사진', '체험', '평화로운']"
12237,대신공원,"수령 높은 노목들이 오색찬란하게 빛을 발하는 도심 속 휴식 공간 대신공원은 대한민국 아름다운 숲 대회에서 누리상을 수상한 숲이기도 하다. 그만큼 울창한 숲과 맑은 계곡을 지닌 자연 그대로의 힐링 쉼터이다.
계곡물에 발 담그고 찰방찰방하는 사람들 구경하며 산책을 이어간다. 입구에서 멀지 않은 곳에 자리한 빽빽한 편백림은 건강한 기운을 마구마구 뿜어낸다. 기분이 꽤 상쾌하다.
구덕저수지를 따라 드리워진 나무 아래 정겨운 벤치가 어서 앉아보라 손짓 하고, 저수지에 반영된 또 하나의 풍경은 한 폭의 그림이 된다.",연중무휴,35.12181,129.01564,부산광역시 서구 대신공원로 37-18,0,051-860-7830,공원,,5,https://www.visitbusan.net/uploadImgs/files/cntnts/20191231192024538_ttiel,5,"['공원', '산책', '벚꽃나들이', '나들이', '힐링']"
12238,화명수목원,"부산의 명산 금정산 자락에 사뿐히 내려앉은 화명수목원. 계곡을 채워 흐르는 시원한 물줄기와 산내음 가득한 바람이 기분 좋은 하루를 만들어 주는 곳. 수목원 곳곳이 산책로이자 쉼터인 덕에 숲속을 여유롭게 즐기기만 하면 된다. 연못 위로 가로놓인 구름다리마저 자연이 되고, 침엽수와 활엽수는 물론 야생화와 아열대 식물까지 거대한 식물도감이 되어 눈앞에 펼쳐진다.","월요일, 1월 1일, 추석?설 당일",35.25257,129.04205,부산광역시 북구 산성로 299,0,051-362-0261,산림,,4.03,https://www.visitbusan.net/uploadImgs/files/cntnts/20191231192531286_ttiel,16,"['깨끗한', '화려한', '편안한', '햇살좋은', '아기자기', '수목원', '계곡', '식물원', '산책', '도시락', '가을소풍', '드라이브', '등산', '힐링', '나들이']"
12239,선암사,"몸도 마음도 맑아지게 만드는 천년고찰 선암사가 백양산 숲 한가운데 고즈넉이 앉았다. 신라시대 원효대사가 창건하였다고 하니 그 오랜 세월을 가늠하는 것은 어렵지 않다.
조용하고 한적한 경내에서는 저절로 목소리를 낮추게 된다. 세월이 묻어나는 범종각이 방문객을 맞이한다. 용머리를 가진 커다란 목어가 참된 나를 돌아보라 하는 듯하다. 그나저나 아담한 삼층석탑은 무슨 사연이 있기에 지붕모양 옥개석만 남았을까.
햇살 좋고 하늘 높은 날엔 혼자여도 충만해지는 선암사가 참 좋다.",연중무휴,35.176968,129.02771,부산광역시 부산진구 백양산로 138,0,051-803-7573,종교적인 장소,,4.4,https://www.visitbusan.net/uploadImgs/files/cntnts/20191231193124555_ttiel,31,"['고즈넉한', '화려한', '소박한', '옛모습', '깨끗한', '계곡', '홍매화', '편백나무숲', '산책', '공원', '템플스테이', '경치', '가을여행', '등산', '체험관']"
12240,운수사,"이름에서 알 수 있듯 구름과 물이 좋기로 소문난 운수사, 그래서 수행하기 좋은 도량으로 천년이나 이어져 왔나보다.
하늘을 덮은 고목에서 뿜어 나오는 싱그러움이 산책로를 가득 채운다. 국보로 지정된 소박한 대웅전이 다소곳하다. 대웅보전의 특이한 꽃살문은 또 어떤가. 시선이 절로 간다. 공양간 작은 툇마루에 앉으니 찾아드는 사람들의 편안을 위해 만든 그 마음이 소중하다. 누구나 종을 울릴 수 있는 범종각에 서면 저 멀리 낙동강이 발 아래로 흐른다.",연중무휴,35.18432,129.01346,부산광역시 사상구 모라로219번길 173,0,051-317-5671,종교적인 장소,,3,https://www.visitbusan.net/uploadImgs/files/cntnts/20191231193736138_ttiel,3,"['사찰', '평온한', '트레킹', '옛스러움', '평화로운']"
12241,스포원파크,"지난 2002년 부산 아시안게임 경기장으로 만들어졌던 스포원파크. 아시안게임 당시 농구 예선 경기와 테니스, 사이클 경기가 열렸던 이곳은 아시안게임이 끝난 후 부산 시민과 함께하는 ‘개방 공원형 경기장’으로 다시 태어났다.
실내스포츠를 즐길 수 있는 스포츠센터는 물론, 풋살장, 족구장, 축구장, 경륜장 등 레포츠 시설과 자연에 둘러싸인 힐링 공간, 그리고 교통안전교육시설 등을 갖춘 테마공원 스포원파크의 매력을 알아보자.","공원 연중무휴
스포츠센터 매주 2, 4주 월요일",35.291504,129.10487,부산광역시 금정구 체육공원로399번길 324,0,1577-0880,공원,,4.25,https://www.visitbusan.net/uploadImgs/files/cntnts/20191231201409836_ttiel,30,"['깨끗한', '자전거대여', '공원', '키즈랜드', '배드민턴', '수영장', '피크닉', '가족나들이', '힐링', '체험관', '나들이']"
12242,우암동 소막마을,"분명히 시간은 세월의 흐름을 재촉하고 있었을 텐데 이곳의 시간은 더디게만 흘렀나보다. 다닥다닥 붙은 낡고 좁은 집, 그 사이를 가로지르는 한 뼘 만 한 골목. 색다른 풍경이 레트로 감성을 자극하지만 그 내력을 알고 보면 감성에 젖을 수만은 없는 곳. 우암동 소막마을로 떠나본다.
이곳은 일제강점기 시절 일본이 한국소를 수탈하기 위한 근거지를 마련한 곳이다. 부산항의 동쪽 항 즉, 동항에서 가장 가까운 이곳에 소 막사와 검역소를 설치하고 대대적으로 한우를 일본으로 빼돌렸다. 광복 후에는 일본에서 돌아온 동포들이, 한국전쟁 중에는 수많은 피란민들이, 비어있던 우암동 소 막사에 거주하게 되면서 소막마을이 탄생하게 되었다. 인구에 비해 턱없이 부족했던 공간은 막사와 막사 사이 그 틈 속에도 판잣집들이 빼곡하게 들어차게 만들었다.",연중무휴,35.1256,129.07018,부산광역시 남구 우암번영로 40-1,0,,즐길거리,,0,https://www.visitbusan.net/uploadImgs/files/cntnts/20200101164518953_ttiel,0,"['역사', '문화제', '마을', '평화로운', '조용한']"
12243,우암동 소막마을거리,"오래전, 늦은 밤 부산항에 입항했던 외국의 선원들은 산 높은 곳까지 별처럼 반짝이는 화려한 야경에 감탄을 했다고 한다. 그리고 다음 날 그 아름다운 불빛들이 피란민들에 의해 만들어진 움막과 판잣집인 것에 한 번 더 놀랐다고 한다. 
그 집들은 세월이 흘러 지금 부산의 모습이 되었다. 부산하면 누구나 멋진 바다와 해변을 떠올리지만 일제 강점기 수탈을 위한 항구로, 피란민들의 임시거처로 근현대사의 아픔을 담고 있는 곳이 부산이기도 하다. 
화려함 뒤에 가려진 역사의 모습을 찾아가 본다면 부산에 대한 더 깊은 이해와 뜻깊은 여행이 되지 않을까.",연중무휴,35.126194,129.07597,부산광역시 남구 우암번영로 40-1,0,,즐길거리,,0,https://www.visitbusan.net/uploadImgs/files/cntnts/20200722140028489_ttiel,0,"['역사', '문화제', '마을', '평화로운', '조용한']"
12244,충렬사,"반듯하고 정갈한 분위기의 부산 충렬사, 뒤로는 망월산의 짙은 녹음이 충렬사를 감싸고 앞으로는 부산의 도심이 마주하고 있다. 본전까지 쭉 뻗어나간 대로를 따라 잘 정돈된 정원수와 예쁜 꽃들이 충렬사의 경건함을 전해준다. 조용히 묵념 한 후 뒤돌아서면 전통과 현대가 어우어진 멋진 풍광이 눈앞에 펼쳐진다.

** 코로나19의 여파로 충렬사는 이용제한이 있을 수 있으니 사전에 홈페이지 안내사항을 꼭 확인해 주세요.",연중무휴,35.20119,129.09607,부산광역시 동래구 충렬대로 345,0,051-523-4223,종교적인 장소,충렬사역 3번 출구에서122m,3.5,https://www.visitbusan.net/uploadImgs/files/cntnts/20200102125306322_ttiel,7,"['기념물', '산책', '매화', '나들이', '조용한']"
12245,부산커피박물관,"2018년, 전포카페거리 근처에 부산 최초 커피전문박물관이 문을 열었다.

심플한 외관을 뒤로 하고 계단을 오르면 2층 끝에 부산커피박물관이 있다. 관장님이 커피의 역사와 문화를 널리 알리고자 개인적으로 꾸준히 수집해 온 오래된 커피용품들을 무료로 개방하고 있다고 한다.

전 세계 사람들의 사랑을 듬뿍 받고 있는 커피, 그 커피를 음미하기 위한 다양한 커피 기계와 커피잔 또한 발전을 거듭할 수밖에 없었다. 커피의 긴 여정이 부산커피박물관에 있다.","토, 일",35.15433,129.06453,부산광역시 부산진구 동천로 70 2층 207호,0,010-9346-8000,박물관,전포역 7번 출구에서309m,4.05,https://www.visitbusan.net/uploadImgs/files/cntnts/20200102141456051_ttiel,10,"['커피', '복합문화공간', '사진', '전시', '박물관']"
12246,사상생활사박물관,"사상생활사박물관은 근대 부산경제의 중심지였던 사상지역과 그 생활사를 소개하고 주민 간 소통을 이어가기 위해 건립되었다.

상설전시관은 낙동강과 함께 세월을 지나온 사상의 옛 모습과 근대화 과정, 그로인한 어두운 이면, 그리고 공단지대의 환경오염을 극복해 가는 과정 등을 상세히 전시하고 있다.

문화마당터와 담소방은 특강이나 문화행사 뿐만 아니라 딱지치기, 고무신 날리기 등 추억을 공유할 수 있는 놀이를 즐길 수 있는 공간이다.",월요일,35.172,128.97871,부산광역시 사상구 낙동대로1258번길 36 ,0,051-310-5136,박물관,덕포역 1번 출구에서539m,4.12,https://www.visitbusan.net/uploadImgs/files/cntnts/20200102142920888_ttiel,4,"['재미있는', '옛모습', '공원', '재첩', '박물관', '아트홀', '갈대', '유물', '휴식']"
12247,사직야구장,"부산하면 야구, 야구하면 부산을 떠올릴 정도로 부산의 야구사랑은 유별나다. 세계 어느 스포츠팬보다도 유별난 부산 사람들의 야구 사랑으로 최고의 인기구단으로 통하는 롯데 자이언츠의 홈구장인 사직야구장은 특색 있는 응원문화가 여럿 있다. 

** 코로나19의 여파로 사직야구장은 이용제한이 있을 수 있으니 사전에 홈페이지 안내사항을 꼭 확인해 주세요.",홈페이지 참조,35.194107,129.06151,부산광역시 동래구 사직로 45,0,051-590-9000,즐길거리,사직역 1번 출구에서641m,4.17,https://www.visitbusan.net/uploadImgs/files/cntnts/20200110144727057_ttiel,46,"['스포츠', '야구', '즐거운', '재미있는', '경기장']"
12248,기장 도예 관광 힐링촌 테마숲,"어린 시절 우리에게 꿈과 환상을 심어 주었던 동화 속 세상. 훌쩍 어른이 되어 한아이의 엄마, 아빠가 된 여러분께 어릴 적 동심의 세계로 돌아갈 수 있는 멋진 곳을 소개 해보려고 해요~
아이와 함께 상상하며 읽었던 동화 속 그 마을로 떠나볼까요?",2022년 개장 예정,35.360134,129.23999,부산광역시 기장군 장안읍 기룡리 산120,0,051-728-0993,즐길거리,,4,https://www.visitbusan.net/uploadImgs/files/cntnts/20200706141824447_ttiel,1,['힐링']
12249,송도용궁구름다리,"100년의 추억이 담긴 송도. 그 시간 속에는 많은 사람들이 그리워하던 송도구름다리가 있습니다. 18년 만에 우리의 곁으로 다시 돌아온 송도용궁구름다리! 송도 바다를 조금 더 가까이 만날 수 있는 곳으로 함께 가보실까요?
한때는 최고의 휴양지로 명성을 날렸던 송도, 옛 송도는 신혼여행을 올 정도로 유명한 곳이었다고 하는데 모두 아시나요? 지금 송도는 제2의 전성기를 맞이했습니다! 구름다리가 복원, 개통 되면서 옛 송도해수욕장의 4대 명물의 조각이 모두 맞춰졌다고 해요. 바다 건너 작은 섬 ‘동섬’을 연결한 구름다리는 '행운의 열쇠' 모양으로 사랑을 이어주고 행운을 부르는 다리라고 합니다! 밤이 되면 조명이 켜져 황금빛으로 물든다고 하니 용궁구름다리를 보면서 마음 속 소원도 함께 빌어 보세요!","매월 첫째, 셋째 월요일과 구정 및 새해 전날 휴무",35.06194,129.02191,부산광역시 서구 암남동 703,0,,즐길거리,,4.07,https://www.visitbusan.net/uploadImgs/files/cntnts/20200717114921294_ttiel,14,"['체험', '경치', '깨끗한', '산책로', '사진']"
12250,부산치유의 숲,"청정자연을 그대로 품은 부산치유의 숲에서 힐링하고 가세요~!
아홉산 자락에 넓게 자리한 부산치유의 숲은 부산 최초로 조성된 치유의 숲이랍니다. 체계적인 산림치유 프로그램을 운영하고 있기도 하죠. 지금은 코로나19로 인해 프로그램 운영 관련 변동이 있을 수도 있으니 이 부분은 별도로 문의를 해보셔야 해요. 프로그램에 따로 참가하지 않더라도 부산치유의 숲은 산책을 하거나 트레킹을 즐기며 몸과 마음을 힐링하기에 참 좋은 곳이랍니다~",설날?추석 당일 휴무,35.26948,129.12955,부산광역시시 기장군 철마면 철마천로 101,0,051-976-2831,산림,,3.89,https://www.visitbusan.net/uploadImgs/files/cntnts/20200729150013892_ttiel,9,"['산책', '힐링', '가족', '트레킹', '평화로운']"
12251,아미동비석마을,"부산은 산지가 많고 평지가 부족했다. 일제 강점기 원도심의 살기 좋은 평지와 매축지는 일본인 구역으로 개발되었고, 부두의 노동자와 일자리를 찾아온 외지인들은 경사진 산을 따라 판잣집을 짓고 정착하게 되었다. 이후 한국전쟁으로 몰려든 피란민들은 산의 더 높은 곳까지 올라 정착했다. 부산의 서구, 중구, 동구, 부산진구에 걸쳐 길게 이어진 도로가 망양로. 부산의 산복도로다. 좁고 미로 같은 골목길, 끝도 보이지 않는 가파른 계단, 촘촘하고 빼곡한 빈틈없는 건물들. 구불구불 오르내리며 이어진 도로. 그 모양처럼 산복도로는 부산의 근현대사의 역사와 서민들의 희로애락이 담겨있다.",연중무휴,35.09903,129.0126,부산광역시 서구 아미로49,0,,즐길거리,토성역 8번 출구에서778m,4.33,https://www.visitbusan.net/uploadImgs/files/cntnts/20200818133843206_ttiel,3,"['화려한', '작은규모', '시장', '전망대', '박물관', '야경', '복숭아', '숨은', '경치', '힐링', '유물', '등산']"
12252,기장 달음산 자연휴양림,"위드 코로나 시대, 여행도 비대면?비접촉이 대세! 대자연의 품에서 일상의 소중함을 느끼며 몸과 마음을 다잡는 여행, 아무 생각 없이 쉼을 추구하는 여행을 떠나요. 어디로? 기장 달음산 자연휴양림으로!
달음산 자연휴양림으로 가는 길은 산길 따라 꼬불꼬불, 포장 도로와 비포장 도로를 모두 통과해야 하는 스릴 있는 여정입니다. 하지만 달음산 정상 가까이 천혜의 자연환경에 둘러싸인 자연휴양림을 만나는 순간 공기부터 남다른 자연의 향기에 반하고 말 거예요. 

** 코로나19의 여파로 기장 달음산 자연휴양림은 이용제한이 있을 수 있으니 사전에 홈페이지 안내사항을 꼭 확인해 주세요.",화요일 휴무,35.30242,129.18535,부산광역시 기장군 일광면 화용길 299-106,0,051-722-3023,산림,,4.2,https://www.visitbusan.net/uploadImgs/files/cntnts/20201201103753100_ttiel,30,"['조용한', '산책로', '경치', '깨끗한', '힐링']"
12253,부산도서관,"존재 자체만으로도 가보고 싶은 이유가 되는 부산도서관이 지난 11월 문을 열었습니다. 개관을 오랫동안 기다려온 시민들의 일상에도 행복한 변화가 찾아왔습니다. 슬기로운 부산도서관 생활을 위한 우리 모두의 열린 서재를 본격 탐방해 볼까요? 
깔끔한 외관이 눈길을 끄는 부산도서관, 반듯한 4층 건물의 전면이 유리창으로 이루어져 있습니다.  창문 너머로 한 가득 쏟아지는 햇살을 품은 1층 중앙홀은 마치 고급 북카페를 연상시킵니다. 웅장한 엑스테리어에 감탄 한 번, 세련되고 예쁜 인테리어에 감탄 두 번, 눈이 저절로 행복해지는 공간입니다. 기쁜 마음을 안고 층별로 꼼꼼하게 둘러보자고요.

책과 함께 하루 종일 머무르고 싶은 이곳, 우리 모두의 열린 서재 부산도서관입니다^^
","월요일, 법정공휴일, 임시휴관일",35.172737,128.98526,부산광역시 사상구 사상로310번길 33,0,051-310-5400,도서관,덕포역 2번 출구에서210m,4.18,https://www.visitbusan.net/uploadImgs/files/cntnts/20201216170753435_ttiel,98,"['도서관', '분위기좋은', '조용한', '서재', '가족']"
12254,해운대 수목원,"방대한 규모의 해운대수목원을 둘러보려면 일단 입구에 위치한 안내소에서 수목원 안내 책자를 받아 가자. 곳곳에 안내도가 세워져 있긴 하지만 어디에 무엇이 있는지 한눈에 볼 수 있어 매우 유용하다. 
바람에 실려 오는 허브의 미향이 피톤치드와 잘 어울린다. 잠시 멈춰 청량감 가득한 자연 테라피를 마음껏 즐겨보자. 이름을 알 수 없는 각양각색의 허브와 야생화는 일상에 지친 마음에 위로를 건넨다. 바람에 스치는 나뭇잎 소리, 새들의 지저귐, 가까이 들리는 풀벌레 소리가 심신의 안정을 돕는다. 어쩌면 이리도 평화로울까...
 
여기를 둘러봐도 저기를 둘러봐도 사방이 초록빛으로 가득하다. 드넓은 초록 물결 넘실거리는 해운대수목원을 걷다가 문득 생각한다. 단풍의 계절이 오면 울긋불긋 색다른 너의 모습을 보여주겠지? 단풍 명소 해운대수목원을 기약하며 지금의 초록 힐링을 눈에 담고 또 담는다.

","월요일 (단, 월요일이 공휴일인 경우 그 다음 평일), 1월 1일, 설날, 추석",35.22992,129.1327,부산광역시 해운대구 석대동 26,0,051-888-7131,산림,,4.09,https://www.visitbusan.net/uploadImgs/files/cntnts/20210929134725627_ttiel,11,"['식물원', '가족', '나들이', '평화로운', '산책']"
12255,캐비네 드 쁘아송,"물과 불, 바람이 나를 따라 움직인다. 나의 손길 한 번에 꽃잎이 피어난다. 마치 요지경 속에 들어온 듯 화려한 세상이 펼쳐진다. 어릴 적 상상만 해오던 꿈같은 이야기가 아니다. 미디어 테크놀로지 아트는 빛과 소리만으로 상상 속 장면들을 현실로 만들어 낸다. 푸른 바다와 뛰어난 경관을 자랑하는 기장, 그곳에 더 아름다운 초현실 세계가 열렸다. 영원히 지지 않는 자연을 만들어 낸 ‘캐비네 드 쁘아송’으로 지금 떠나보자. ",매월 마지막 주 목요일,35.20021,129.22897,"캐비네 드 쁘아송 (아난티코브 미디어아트 갤러리)
부산광역시 기장군 기장읍 기장해안로 268-31",0,051-604-7000,즐길거리,,4.14,https://www.visitbusan.net/uploadImgs/files/cntnts/20211112113445840_ttiel,18,"['경치', '깨끗한', '친절한', '사진', '맛있는']"
12256,영도 봉산마을,"부산 영도 봉래산 아래 언덕, 심상치 않은 집들이 빼곡하게 모여 있는 봉산마을. 과거, 호황을 이루던 조선업 현장 근로자들이 모여 살던 이곳은 조선업의 불황과 뉴타운 해제 지역으로 선정되면서 한때 많은 사람이 떠났던 곳이다. 총 400여 채의 건물 중 총 87채가 빈집이었던 봉산마을이 2018년 시작된 도시재생 뉴딜사업과 함께 다시, 살기 좋은 마을로 바뀌었다. 
텅 빈 집은 주민과 관광객이 찾기 좋은 카페와, 서점 등으로 채워졌고 적막했던 거리는 사람들의 웃음소리로 가득해졌다. 미로같이 좁지만 골목 사이 보이는 청아한 영도 앞바다, 골목골목마다 머무르는 햇살 등, 곳곳에 숨어있는 매력을 하나씩 찾아보는 묘미가 있는 곳! 다채로운 집들이 만들어내는 스카이라인과 부산항의 풍경이 꽤 매력적인 곳! 봉산 마을을 찾아가 보자. ",연중무휴,35.09309,129.05125,부산광역시 영도구 하나길 788 3층(봉산마을도시재생현장지원센터),0,070-4151-2772,즐길거리,,0,https://www.visitbusan.net/uploadImgs/files/cntnts/20211116151308755_ttiel,0,"['마을', '산책', '경치', '사진', '평화로운']"
12257,KT&G상상마당 부산,"부산의 모든 길은 서면으로 통한다고 했던가요? 언제부터인가 부산을 대표하는 곳으로 해운대를 떠올리지만 부산 사람들에게는 여전히 서면이 부산의 중심지입니다. 그곳에 최근 문을 연 따끈따끈한 신상 여행지가 있으니. 바로 KT&G 상상마당입니다.
지상 13층, 지하 5층에 연면적 2만 제곱미터에 달하는 엄청난 규모로 전국 상상마당 가운데 가장 크다. 상상마당 부산은 공연장과 갤러리 등 다양한 문화체험시설과 디자인 숍, 카페, 1인 크리에이터를 위한 창작 공간, 숙박시설까지 갖추었다. 문화를 즐기고 휴식을 취하며 아티스트와 대중이 서로 소통할 수 있는 말 그대로 복합문화공간이다.",연중무휴,35.15428,129.05757,부산광역시 부산진구 서면로 39,0,051-809-5555,즐길거리,,5,https://www.visitbusan.net/uploadImgs/files/cntnts/20211123183743098_ttiel,5,"['전시', '공연', '깨끗한', '재미있는', '복합문화공간']"
